Relevance Score,Audience Overlap,Affinity,ID,Name,YouTube URL,Facebook URL,Instagram URL,Twitter URL,Twitch URL,TikTok URL,Country,Property,Industry,Content Genre,Nov-2025 Views,Themes,YouTube All-Time Views,YouTube All-Time Engagements,YouTube Subscribers,YouTube Subscribers Last 30 Days,YouTube Subscribers Growth Last 30 Days,YouTube Total Uploads,YouTube Influencer Score,Facebook All-Time Views,Facebook All-Time Engagements,Facebook Followers,Facebook Followers Last 30 Days,Facebook Followers Growth Last 30 Days,Facebook Total Uploads,Facebook Influencer Score,Instagram All-Time Views,Instagram All-Time Engagements,Instagram Followers,Instagram Followers Last 30 Days,Instagram Followers Growth Last 30 Days,Instagram Total Uploads,Instagram Influencer Score,Twitter All-Time Views,Twitter All-Time Engagements,Twitter Followers,Twitter Followers Last 30 Days,Twitter Followers Growth Last 30 Days,Twitter Total Uploads,Twitter Influencer Score,Twitch All-Time Views,Twitch All-Time Engagements,Twitch Followers,Twitch Followers Last 30 Days,Twitch Followers Growth Last 30 Days,Twitch Total Uploads,Twitch Influencer Score,TikTok All-Time Views,TikTok All-Time Engagements,TikTok Followers,TikTok Followers Last 30 Days,TikTok Followers Growth Last 30 Days,TikTok Total Uploads,TikTok Influencer Score,YouTube Nov-2025 Views,YouTube Nov-2025 MoM Views Growth,YouTube Nov-2025 V30,YouTube Nov-2025 Engagements,YouTube Nov-2025 MoM Engagements Growth,YouTube Nov-2025 ER30,YouTube Nov-2025 E30,YouTube Nov-2025 MoM Subscribers Growth,Facebook Nov-2025 Views,Facebook Nov-2025 MoM Views Growth,Facebook Nov-2025 V30,Facebook Nov-2025 Engagements,Facebook Nov-2025 MoM Engagements Growth,Facebook Nov-2025 ER30,Facebook Nov-2025 E30,Facebook Nov-2025 MoM Followers Growth,Instagram Nov-2025 Views,Instagram Nov-2025 MoM Views Growth,Instagram Nov-2025 V30,Instagram Nov-2025 Engagements,Instagram Nov-2025 MoM Engagements Growth,Instagram Nov-2025 ER30,Instagram Nov-2025 E30,Instagram Nov-2025 MoM Followers Growth,Twitter Nov-2025 Views,Twitter Nov-2025 MoM Views Growth,Twitter Nov-2025 V30,Twitter Nov-2025 Engagements,Twitter Nov-2025 MoM Engagements Growth,Twitter Nov-2025 ER30,Twitter Nov-2025 E30,Twitter Nov-2025 MoM Followers Growth,Twitch Nov-2025 Views,Twitch Nov-2025 MoM Views Growth,Twitch Nov-2025 V30,Twitch Nov-2025 Engagements,Twitch Nov-2025 MoM Engagements Growth,Twitch Nov-2025 ER30,Twitch Nov-2025 E30,Twitch Nov-2025 MoM Followers Growth,TikTok Nov-2025 Views,TikTok Nov-2025 MoM Views Growth,TikTok Nov-2025 V30,TikTok Nov-2025 Engagements,TikTok Nov-2025 MoM Engagements Growth,TikTok Nov-2025 ER30,TikTok Nov-2025 E30,TikTok Nov-2025 MoM Followers Growth
376.61380949803964,0.32098765432098764,1173.296868051585,5MCxdMKNW03b7Rpq01,Blinxnews,http://youtube.com/channel/UCJ3GwjNga1hBk1OFDfRp4mw,https://www.facebook.com/181762545013362?brand_redir=DISABLE,http://instagram.com/blinxnews,,,https://www.tiktok.com/@blinxnews,AE,Blinx,Media,Entertainment,54096616.0,"Entertainment,Pop music,Society,Association football,Politics,Music,Sport",82868533.0,1585344.0,91300.0,3700.0,0.040525739320920004,11138.0,518.7273694897093,344168319.0,6049881.0,686506.0,119814.0,0.17452724375315,18085.0,,640572165.0,10172045.0,490548.0,12979.0,0.026458165154072,18895.0,,,,,,,,,,,,,,,,4197993557.0,89560516.0,3200000.0,100000.0,0.03125,13174.0,,7054414.0,-0.3895638328711055,16662.0,141318.0,-0.5036213812531173,1.9028,405.0,-0.411214953271028,12273710.0,-0.4313080954931978,65251.0,171537.0,-0.6266413896827245,0.6723,1179.0,-0.8160411066117671,34768492.0,-0.21039936198773063,69758.0,383346.0,-0.3044439122104163,0.5271,954.0,-0.3995052566481138,,,,,,,,,,,,,,,,,240911634.0,0.08988865250792485,319079.0,4346452.0,0.26643838570081596,0.5231,5801.0,0.0
362.1047494316234,0.38271604938271603,946.1446678697258,BUnKpiSxm9,Al Jazeera Channel - قناة الجزيرة,http://youtube.com/channel/UCfiwzLy-8yKzIbsmZTzxDgw,https://www.facebook.com/160729029892?brand_redir=DISABLE,http://instagram.com/aljazeera,https://twitter.com/AJArabic,,https://www.tiktok.com/@aljazeera,QA,Al Jazeera Media Network,"Broadcast, Cable, Radio, Film",News & Politics,1079468019.0,"Politics,Society",18780542447.0,256253837.0,22300000.0,100000.0,0.004484304932735,266467.0,811.7322064233763,17604704751.0,382828674.0,32509902.0,98647.0,0.003034367805845,147585.0,,22766242491.0,893335028.0,11792183.0,60418.0,0.005123563635333,66373.0,,2011933290.0,26721128.0,20427940.0,0.0,0.0,73118.0,,,,,,,,,12097669427.0,326327365.0,13500000.0,400000.0,0.029629629629629003,49313.0,,220563162.0,-0.48719933888536404,61214.0,2919408.0,-0.5673948749013845,1.8629,1434.0,-0.6666666666666666,230095894.0,-0.3308651889814521,79865.0,6534039.0,-0.4468120682636945,0.9949,2598.0,-0.7553534097971637,628808963.0,-0.4329167649590166,391716.0,11596314.0,-0.5961380756639694,1.0873,10994.0,-0.4288754855603956,0.0,,,0.0,,,,,,,,,,,,,480982804.0,-0.45268965338818656,228024.0,9868928.0,-0.4518082378008668,0.6683,5296.0,-0.4
319.19834298753733,0.17777777777777778,1795.4906793048974,6i2i4KiDEB03XrnaV01,Ali El-Meshwady,http://youtube.com/channel/UCSc8tPOJv11E0CIRSNJ2UIw,,,,,https://www.tiktok.com/@meshwadyy,EG,,,Entertainment,0.0,,85319.0,4267.0,2100.0,0.0,0.0,41.0,,,,,,,,,,,,,,,,,,,,,,,,,,,,,,331167892.0,10644616.0,452500.0,1400.0,0.003093922651933,1116.0,,0.0,,,0.0,,,,0.0,,,,,,,,,,,,,,,,,,,,,,,,,,,,,,,,,2483321.0,-0.054077814611789704,262731.0,83523.0,-0.19040187658724775,1.0307,9342.0,-1.0
305.3238883787975,0.29876543209876544,1021.9518577968016,5T2PnFbuoM03XRYbT03,TRT • عربي,http://youtube.com/channel/UCxYWkW-6ZRCz1C50ZUjCulg,,,,,https://www.tiktok.com/@trtarabi,TR,,,News & Politics,105.0,Entertainment,45286.0,404.0,90.0,0.0,0.0,6.0,,,,,,,,,,,,,,,,,,,,,,,,,,,,,,2849777651.0,86728418.0,4200000.0,100000.0,0.023809523809523003,7648.0,,105.0,-0.378698224852071,,0.0,-1.0,,,,,,,,,,,,,,,,,,,,,,,,,,,,,,,,,,,,125450039.0,-0.44614517092579425,438294.0,2401586.0,-0.6246006200003251,0.7817000000000001,11934.0,-1.0
303.7651845218211,0.2345679012345679,1294.9989445403953,EcuMFzhU03Vpzhf01,وسامز,http://youtube.com/channel/UCvY-wn-TQYUNGvc01GckENg,https://www.facebook.com/105508194636440?brand_redir=DISABLE,http://instagram.com/wesamghz,,,https://www.tiktok.com/@wesam.ghz,SA,,,People & Blogs,16615471.0,,199898817.0,7612204.0,286000.0,-1000.0,-0.0034965034965030004,670.0,,4592716.0,195681.0,80309.0,-124.0,-0.00154403616033,163.0,,847445666.0,35058669.0,1510389.0,16751.0,0.011090520389118001,1306.0,,,,,,,,,,,,,,,,3097441164.0,160604241.0,5100000.0,0.0,0.0,1702.0,,0.0,,,0.0,,,,,856.0,1.2408376963350785,,2.0,,,,,16614615.0,-0.09866213732313106,613310.0,609744.0,-0.09195641943612136,1.5761,24068.0,-0.46507597561353015,,,,,,,,,,,,,,,,,37472734.0,-0.3033618989887475,1723978.0,2008969.0,-0.2684501609871451,1.6518000000000002,98243.0,
290.78187735726874,0.21728395061728395,1338.257503746521,spSK4fKv9d,OSHA SALAH,http://youtube.com/channel/UC_H8GiIU-dDZl6fJA32qYYQ,https://www.facebook.com/670690632946834?brand_redir=DISABLE,,,,https://www.tiktok.com/@sherifeldahshoury,AE,,,General Interest,66202151.0,"Knowledge,Entertainment,Society,Religion,Health,Film",3897412342.0,169667159.0,7120000.0,40000.0,0.005617977528089,4590.0,624.369541761557,1629381995.0,52547742.0,5158701.0,-3624.0,-0.0007025024322983635,1251.0,,,,,,,,,,,,,,,,,,,,,,,2032712070.0,83874872.0,4700000.0,100000.0,0.02127659574468,1385.0,,28305049.0,0.4176470685458342,643029.0,656410.0,0.1175142666466911,3.1508,24717.0,0.0,37897102.0,0.10109796578531126,360921.0,1212355.0,-0.04249462943071965,1.0477,11873.0,-0.5452900322801526,,,,,,,,,,,,,,,,,,,,,,,,,69223786.0,0.5103929182897903,1087551.0,2064632.0,0.4082323636056083,0.8494,31871.0,-1.0
289.6849346748474,0.18024691358024691,1607.1561444289478,2A2LArarjD03Pm9pR01,joe,http://youtube.com/channel/UClVMioXhjczWbvN3eMfuXYw,,http://instagram.com/joehussen,,,https://www.tiktok.com/@joehussen,QA,,,General Interest,1199487.0,"Politics,Society",13900329.0,711217.0,117000.0,0.0,0.0,277.0,316.54596580143647,,,,,,,,213159727.0,9780280.0,2047650.0,-3594.0,-0.0017551827704930002,315.0,,,,,,,,,,,,,,,,1043192709.0,55158026.0,4700000.0,100000.0,0.02127659574468,771.0,,16496.0,-0.5154505933497826,100215.0,385.0,-0.7286821705426356,3.8315,4684.0,,,,,,,,,,1182991.0,-0.4907459702762132,358437.0,65774.0,-0.5015195264837172,2.1313,19022.0,0.11886993603411514,,,,,,,,,,,,,,,,,18681565.0,0.2562115229192663,631580.0,671091.0,0.14473569743501394,1.1013,23997.0,
281.20368588370735,0.18271604938271604,1539.020172741912,2f0bu8B3KY,عربي بوست,http://youtube.com/channel/UCdUp5vHINCdtZS31flL_prg,https://www.facebook.com/1456998184564952?brand_redir=DISABLE,http://instagram.com/arabicpost,https://twitter.com/arabic_post,,https://www.tiktok.com/@arabicpost,EG,Integral Media,Media,News & Politics,23883238.0,"Society,Politics,Religion",89832878.0,1984371.0,464000.0,3000.0,0.006465517241379001,6298.0,444.05092694316596,1400744219.0,32580848.0,7168314.0,4795.0,0.0006689160100966559,11305.0,,157102354.0,7368425.0,746022.0,3743.0,0.0050172783108270004,4838.0,,24315862.0,277040.0,592367.0,0.0,0.0,7520.0,,,,,,,,,157277287.0,6453166.0,516600.0,2600.0,0.005032907471931,2340.0,,1019758.0,0.010262542364317777,6708.0,26375.0,0.226287892877069,1.8809,163.0,0.0,13599403.0,0.9521298096991808,167127.0,780124.0,0.31530860159396806,2.5193,9981.0,0.9051944615927331,9264077.0,-0.25050552432058615,168118.0,339354.0,-0.3795066830008594,1.7048,7167.0,-0.5597637955609855,0.0,,,0.0,,,,,,,,,,,,,7357604.0,0.5901649123049685,155529.0,304576.0,0.871526710990402,1.4477,7928.0,1.1971830985915493
274.5885171722246,0.5358024691358024,512.4808730633686,xUzvEbq7fb,قناة العربية  Al Arabiya,http://youtube.com/channel/UCahpxixMCwoANAftn6IxkTg,https://www.facebook.com/113791238657176?brand_redir=DISABLE,http://instagram.com/alarabiya,https://twitter.com/AlArabiya,,https://www.tiktok.com/@alarabiya,AE,Al Arabiya,"Broadcast, Cable, Radio, Film",News & Politics,699766724.0,"Entertainment,Politics,Television show,Society",15271357409.0,194338683.0,18700000.0,100000.0,0.005347593582887,312103.0,786.18588880315,15361461293.0,214645842.0,35697694.0,133027.0,0.0037264872067080002,247036.0,,11693666006.0,246713910.0,7080175.0,122262.0,0.017268217240393003,167488.0,,1905691120.0,11654988.0,16526132.0,0.0,0.0,186382.0,,,,,,,,,45824172431.0,1026264342.0,24700000.0,500000.0,0.020242914979757002,99022.0,,157820926.0,-0.315593890090722,34597.0,1428014.0,-0.28900194377394867,0.7961,346.0,0.0,209223685.0,-0.32591591752383386,58346.0,3794733.0,-0.35616350966645566,0.5292,1019.0,-0.8456212900902575,332722113.0,-0.21127673622905502,98119.0,4438034.0,-0.2040621572835018,0.5446,1381.0,-0.36496203405430283,0.0,,,0.0,,,,,,,,,,,,,1631956781.0,-0.033297489065006305,266878.0,30397261.0,0.055676791820323736,0.5382,4980.0,0.0
269.2283267283726,0.34074074074074073,790.1266110506589,5H35wnqYQa03ZQgNj01,blinx,http://youtube.com/channel/UCrMBDzyrDtDKFzj6PMtMJWg,https://www.facebook.com/110077405347498?brand_redir=DISABLE,http://instagram.com/blinxnow,https://twitter.com/BlinxNow,,https://www.tiktok.com/@blinxnow,AE,Blinx,Media,Entertainment,533781799.0,"Military,Unmanned aerial vehicle,Human rights,War crime,War,Conflict (process)",2003922203.0,58618165.0,1520000.0,50000.0,0.032894736842105005,11387.0,697.6773261346833,276131646.0,5350618.0,900078.0,74734.0,0.08303058179402201,23022.0,,7489229409.0,150682366.0,4117660.0,77523.0,0.018826955115283,18010.0,,1426861.0,178.0,188.0,0.0,0.0,6.0,,,,,,,,,5737357318.0,201186463.0,4700000.0,100000.0,0.02127659574468,10081.0,,130779894.0,-0.15827126748146905,270857.0,2837695.0,-0.29929892730346286,2.3286,7788.0,-0.4444444444444444,16097345.0,1.837621610377889,12880.0,226674.0,1.2041637900018476,0.8953000000000001,315.0,7.401836466987319,386904560.0,-0.007619418052621774,573078.0,6009050.0,0.02400922946886247,0.6148,8943.0,-0.07912157980608743,0.0,,,0.0,,,,,,,,,,,,,266233422.0,0.02588781505473773,625162.0,8513847.0,0.07014395542570473,0.9258000000000001,19993.0,0.0
254.61955364780576,0.1580246913580247,1611.2643629275208,Yf2eg1kzzZ03RH5LM01,Yasmin Nasir ياسمين ناصر,,,http://instagram.com/yasmin.nasir,,,https://www.tiktok.com/@yasmin.nasir,MA,,,Food & Drink,28695590.0,"Paste (food),Crispiness,Eggs as food,Frying,Sustainability,Dough,Samosa,Stuffing,Calcium,Resource",,,,,,,,,,,,,,,1183100360.0,23615181.0,2811069.0,58305.0,0.020741219799300003,767.0,,,,,,,,,,,,,,,,724071858.0,26366038.0,1900000.0,0.0,0.0,566.0,,,,,,,,,,,,,,,,,,28695590.0,-0.15911600895330366,4611714.0,589898.0,-0.5290600248922838,1.5584,178951.0,-0.7141794325521625,,,,,,,,,,,,,,,,,16181058.0,-0.344500722683236,6721888.0,419920.0,-0.5531881840449281,1.1738,272213.0,-1.0
246.5628550878532,0.20493827160493827,1203.1079073563922,fjVxrLpLbo,قناة الجزيرة مباشر - Aljazeera Mubasher Channel,http://youtube.com/channel/UCCv1Pd24oPErw5S7zJWltnQ,https://www.facebook.com/125786760767400?brand_redir=DISABLE,http://instagram.com/aljazeeramubasher,https://twitter.com/ajmubasher,,https://www.tiktok.com/@aljazeera_mubasher,QA,Al Jazeera Media Network,"Broadcast, Cable, Radio, Film",News & Politics,564301674.0,"Politics,Society,Religion",5505374947.0,176818150.0,10100000.0,0.0,0.0,111185.0,794.4403488374768,6733877203.0,210165724.0,19769045.0,279233.0,0.014124759187912,120209.0,,7972509373.0,419623760.0,7196046.0,63580.0,0.008835407666932001,43640.0,,495080161.0,8957556.0,7447549.0,0.0,0.0,59810.0,,,,,,,,,2488271714.0,104951031.0,5600000.0,100000.0,0.017857142857142003,22558.0,,102364511.0,-0.4236371873777039,56218.0,3858503.0,-0.4484457646857187,3.8153,2689.0,1.0,211478675.0,-0.2658367033061971,125302.0,11917699.0,-0.25450133242955447,1.4479,5808.0,-0.45577893511757384,250458488.0,-0.30126845732579727,214681.0,6759764.0,-0.5181971734292715,1.4924,8287.0,-0.5505450287768597,0.0,,,0.0,,,,,,,,,,,,,59790285.0,-0.475184808193777,90160.0,1495876.0,-0.5018717986116522,0.8537,2746.0,0.0
243.9518366858063,0.254320987654321,959.2280957063258,4wrR7pqrW03RiKKX01,Asharq News الشرق للأخبار,http://youtube.com/channel/UCRJUVYt9gjg8MnlGacySUdg,https://www.facebook.com/102498564631055?brand_redir=DISABLE,http://instagram.com/asharqnews,https://twitter.com/AsharqNews,,https://www.tiktok.com/@asharqnews,AE,Saudi Research & Media Group,Media,General Interest,109134071.0,"Politics,Entertainment,Society",616957658.0,8060703.0,1600000.0,0.0,0.0,33267.0,560.2242847620035,3906697025.0,56957420.0,15750104.0,57805.0,0.003670134495619,81236.0,,1921785536.0,59651084.0,2355791.0,22401.0,0.009508908048294,57034.0,,127252896.0,714029.0,,,,27675.0,,,,,,,,,3986487738.0,84541868.0,5100000.0,200000.0,0.039215686274509005,35891.0,,12411313.0,0.44449596439350797,13316.0,183775.0,0.20071216229459998,1.4823,247.0,1.0,28885449.0,-0.3204991253311824,34690.0,665874.0,-0.5204309160206383,0.9189,1035.0,-0.026677162599492696,67837309.0,-0.1292951141019048,72572.0,831055.0,-0.35569689832391493,0.6162000000000001,1157.0,-0.02539330588111076,0.0,,,0.0,,,,,,,,,,,,,198515494.0,0.010498406616746342,144833.0,3328766.0,0.07162975470540987,0.5298,2721.0,1.0
241.40089738484005,0.17777777777777778,1357.8800477897253,5AJpu18Dx03YFNSa01,TunneT,http://youtube.com/channel/UCSSyFNarnyNlDwMrBtM7IFw,,,,,https://www.tiktok.com/@tunnet79,ES,,,General Interest,334.0,"Music,Electronic music",317454.0,1966.0,227.0,2.0,0.008810572687224,78.0,,,,,,,,,,,,,,,,,,,,,,,,,,,,,,391827343.0,10803922.0,858500.0,15700.0,0.018287711124053002,379.0,,334.0,-0.10695187165775401,,7.0,-0.3,,,-2.0,,,,,,,,,,,,,,,,,,,,,,,,,,,,,,,,,13591169.0,0.47304883067432413,405921.0,326741.0,0.16961390044315897,0.8898,12461.0,-0.07911392405063292
239.3240762018589,0.1506172839506173,1588.9549321598827,3d2ppwbyPu03XKnhz01,حكاوي📙 | أبو سعيد,,https://www.facebook.com/320279324491729?brand_redir=DISABLE,http://instagram.com/el_fnan_1,,,https://www.tiktok.com/@el_fnan_1,,,,Music & Dance,0.0,,,,,,,,,1582942.0,249058.0,,,,194.0,,596.0,8737.0,,,,5.0,,,,,,,,,,,,,,,,444702088.0,19291054.0,2000000.0,0.0,0.0,370.0,,,,,,,,,,0.0,,,0.0,,,,,0.0,,,0.0,,,,,,,,,,,,,,,,,,,,,14716877.0,0.6651816400563884,1904621.0,456126.0,0.4384521988678472,0.9017000000000001,59248.0,-1.0
238.79644388421346,0.24938271604938272,957.5500967634301,7M2z5XCPG803gCSXn01,⸙ 𝐒𝐀𝐌𝐄𝐄𝐑  100K ,http://youtube.com/channel/UCU1614ixo1_evIXzqn_8ihw,,,,,https://www.tiktok.com/@silver..70,IN,,,General Interest,22780.0,"Love,Nostalgia,Hindi cinema,Emotion,Sad Song (The Cars song)",400697.0,9804.0,1050.0,0.0,0.0,389.0,75.55232064075612,,,,,,,,,,,,,,,,,,,,,,,,,,,,,199510157.0,11467928.0,89500.0,0.0,0.0,536.0,,22780.0,0.6271428571428571,1695.0,464.0,1.6214689265536724,2.3116,50.0,,,,,,,,,,,,,,,,,,,,,,,,,,,,,,,,,,4861046.0,-0.2964314315161868,278720.0,168890.0,-0.3146727155419032,1.0252,9858.0,5.0
230.1451015742374,0.15308641975308643,1503.3671957671959,3128SKKBUN03X5B9S01,Ahmed Seleem أحمد سليم,http://youtube.com/channel/UCXwoUnmdVV8oMCp4wNfva8Q,,,,,https://www.tiktok.com/@ahmedsaadseleem,EG,,,General Interest,101463992.0,"Food,Health,Television show,Sport,Society,Entertainment,Religion,Lifestyle",1230404443.0,39675405.0,749000.0,28000.0,0.037383177570093004,649.0,605.2626816900971,,,,,,,,,,,,,,,,,,,,,,,,,,,,,354775032.0,9469638.0,255600.0,7200.0,0.028169014084507,894.0,,101463992.0,-0.17117963356275762,2822391.0,2124440.0,-0.2688206978631546,2.0728,71373.0,-0.35,,,,,,,,,,,,,,,,,,,,,,,,,,,,,,,,,10854535.0,-0.39629641041544816,628509.0,225735.0,-0.4133126452196423,0.6457,14001.0,-0.5818181818181818
228.840184559108,0.2641975308641975,866.170792022792,Q3A91owh2M,Sky News Arabia سكاي نيوز عربية,http://youtube.com/channel/UCIJXOvggjKtCagMfxvcCzAA,https://www.facebook.com/167635259953475?brand_redir=DISABLE,http://instagram.com/skynewsarabia,https://twitter.com/skynewsarabia,,https://www.tiktok.com/@skynewsarabia,AE,Comcast,"Broadcast, Cable, Radio, Film",Entertainment,202867509.0,"Society,Television show,Politics",3890774187.0,47113001.0,7100000.0,20000.0,0.00281690140845,188298.0,723.4196248182944,15425177633.0,209898847.0,25462052.0,32789.0,0.0012877595254300002,95104.0,,4996690487.0,118638249.0,4252093.0,9600.0,0.0022577116728160003,60831.0,,807582207.0,7217376.0,8603386.0,0.0,0.0,65657.0,,,,,,,,,4275189259.0,107656117.0,6600000.0,100000.0,0.015151515151515001,22320.0,,31049122.0,-0.274532985803389,64956.0,332941.0,-0.2688047121039755,1.0274,830.0,-0.25,104175393.0,-0.022503521413674423,119941.0,2490968.0,0.24036995467686728,0.5906,2289.0,1.2621339270423018,67642994.0,-0.295408569215013,136448.0,1085022.0,-0.2550489151741056,0.5756,2045.0,-0.35406435534706443,0.0,,,0.0,,,,,,,,,,,,,113173083.0,-0.3615528374367184,156955.0,2489385.0,-0.19159669869145948,0.6016,3315.0,0.0
222.72106603958457,0.14814814814814814,1503.3671957671959,5cDBiR17a03W1BS301,أيمن المحمد,,https://www.facebook.com/103706018748534?brand_redir=DISABLE,,,,https://www.tiktok.com/@ayman.almuhammad,TR,,,General Interest,78239915.0,,,,,,,,,1280959579.0,67835331.0,,,,12326.0,,,,,,,,,,,,,,,,,,,,,,,2708551966.0,123199112.0,5800000.0,0.0,0.0,5337.0,,,,,,,,,,78239915.0,-0.0988419323033752,103982.0,4806362.0,0.050138478493228146,1.6138,5081.0,-0.19543776778190536,,,,,,,,,,,,,,,,,,,,,,,,,17476646.0,0.1650663151953204,220319.0,724632.0,0.21392111368909514,1.0141,7708.0,
222.50483199488593,0.1037037037037037,2145.5823085221145,2N2LPwfCwo03dUo8N01,Dr. Omar Osama,,,,,,https://www.tiktok.com/@dr..omar.osama,,,,General Interest,,Dentist,,,,,,,,,,,,,,,,,,,,,,,,,,,,,,,,,,,,51276632.0,4969876.0,235200.0,-1300.0,-0.005527210884353001,367.0,,,,,,,,,,,,,,,,,,,,,,,,,,,,,,,,,,,,,,,,,,199150.0,-0.8651298992419102,119696.0,14648.0,-0.9044431832266735,2.4554,10139.0,-1.295774647887324
221.47954658362067,0.21481481481481482,1031.0254754754756,T628DEF7sy03Vr4mk01,أنس,,,,,,https://www.tiktok.com/@anas__action,,,,Entertainment,,"Social interaction,Stitch (textile arts),Engagement,Collaboration",,,,,,,,,,,,,,,,,,,,,,,,,,,,,,,,,,,,489119233.0,44868324.0,2800000.0,0.0,0.0,505.0,,,,,,,,,,,,,,,,,,,,,,,,,,,,,,,,,,,,,,,,,,3829336.0,-0.3071654589413498,762841.0,138788.0,-0.3598132781039978,1.2768,33601.0,
217.8775776159073,0.1382716049382716,1575.7217666864726,6A2S38Egg903cacjB01,Weknow,,,,,,https://www.tiktok.com/@weknowfrance,,,,General Interest,,,,,,,,,,,,,,,,,,,,,,,,,,,,,,,,,,,,,,1217710474.0,39106608.0,2400000.0,0.0,0.0,529.0,,,,,,,,,,,,,,,,,,,,,,,,,,,,,,,,,,,,,,,,,,18237252.0,-0.3566256988797991,1292254.0,531762.0,-0.3416815432344836,0.9004000000000001,40142.0,
216.80805632471703,0.1654320987654321,1310.5561613658267,6L32nZxLPk03cCKV701,Osama Gaweesh 2,,,,,,https://www.tiktok.com/@osamagaweesh2,,,,General Interest,,,,,,,,,,,,,,,,,,,,,,,,,,,,,,,,,,,,,,812123812.0,27878916.0,1800000.0,0.0,0.0,995.0,,,,,,,,,,,,,,,,,,,,,,,,,,,,,,,,,,,,,,,,,,31707158.0,-0.056796668751062165,489246.0,805347.0,-0.22911096880536883,0.9658,16302.0,
216.62459241477416,0.12098765432098765,1790.4685699588476,3E8u4Dq3r03amwkB01,يوسف,,,,,,https://www.tiktok.com/@muslim_youssef0,,,,General Interest,,,,,,,,,,,,,,,,,,,,,,,,,,,,,,,,,,,,,,4899096.0,406312.0,33900.0,500.0,0.014749262536873002,43.0,,,,,,,,,,,,,,,,,,,,,,,,,,,,,,,,,,,,,,,,,,614416.0,-0.4504221013293643,229687.0,45188.0,-0.45118900143311713,2.5133,19915.0,-0.3793103448275862
214.54781590969154,0.14814814814814814,1448.197757390418,2D2MkU2ZDB03b7Rpq01,Khalid Ali,,,http://instagram.com/khalid_e_ali,,,https://www.tiktok.com/@khalid_e_ali,,,,General Interest,2329345.0,"Real estate investing,Capital appreciation,Dubai,Investment,Luxury goods,Real estate development",,,,,,,,,,,,,,,58912184.0,3514632.0,640020.0,22290.0,0.034827036655104004,226.0,,,,,,,,,,,,,,,,187511343.0,15115704.0,2300000.0,100000.0,0.043478260869565,167.0,,,,,,,,,,,,,,,,,,2329345.0,13.481563453922623,139464.0,153968.0,14.443129388164493,2.8821,10008.0,17.275829383886254,,,,,,,,,,,,,,,,,4053993.0,1.171977054367562,844870.0,376322.0,1.3628965924288754,2.5361000000000002,73923.0,
213.59232669330626,0.13580246913580246,1572.816223832528,3M2Lr7nLen03fGroN01,rahal.syr 🇸🇾🇩🇪,,,,,,https://www.tiktok.com/@rahal.syr,,,,General Interest,,,,,,,,,,,,,,,,,,,,,,,,,,,,,,,,,,,,,,75238344.0,1841180.0,109800.0,2800.0,0.025500910746812003,194.0,,,,,,,,,,,,,,,,,,,,,,,,,,,,,,,,,,,,,,,,,,2672651.0,0.22463173772871484,191075.0,55755.0,-0.034328073852122554,0.8278000000000001,5456.0,-0.36363636363636365
212.2885978046149,0.12345679012345678,1719.5376422173808,Wm2Y8Uw6KF03XfGnb01,Mostafa Zoheer (القناة القديمة),http://youtube.com/channel/UC9HeqNYYXCq2LAQ14X0skKw,https://www.facebook.com/106472507592122?brand_redir=DISABLE,http://instagram.com/mr.zoheer,,,https://www.tiktok.com/@mzoheer,EG,,,Education,8627722.0,Religion,456627451.0,29915676.0,1920000.0,10000.0,0.005208333333333,221.0,416.29873344367843,77615912.0,4498859.0,797195.0,74556.0,0.093522914719736,306.0,,72463367.0,4576133.0,443208.0,25509.0,0.057555369036659004,394.0,,,,,,,,,,,,,,,,365603676.0,26054737.0,1700000.0,100000.0,0.058823529411764004,419.0,,916344.0,-0.007246761491734315,,25280.0,0.14877760610742524,,,,2629874.0,0.04209595746459775,371105.0,175628.0,-0.4457551486692039,2.4375,24529.0,-0.29017311608961305,5081504.0,-0.09655887252627293,396858.0,155080.0,-0.1445419592570732,1.1939,11797.0,-0.33598755832037325,,,,,,,,,,,,,,,,,7628663.0,0.6394233290209445,330583.0,605036.0,0.5303690625845763,2.3514,26818.0,
207.41734350460803,0.45925925925925926,451.63453827616263,74tSuPX7m03XDpXd01,Al Mashhad المشهد,http://youtube.com/channel/UCWnBTuzUUDpKhJPGuDQMynA,https://www.facebook.com/112416568138364?brand_redir=DISABLE,http://instagram.com/almashhadmedia,https://twitter.com/almashhadmedia,,https://www.tiktok.com/@almashhadmedia,AE,,Media,Entertainment,648717143.0,"Military,Television show,Society,Politics",2177810733.0,41186360.0,5200000.0,60000.0,0.011538461538461001,73159.0,771.3428840159853,3412259322.0,94478036.0,8020046.0,428718.0,0.053455803121328006,38997.0,,4148663812.0,74523014.0,2819780.0,63822.0,0.022633680641752002,33606.0,,10796196.0,69060.0,88514.0,0.0,0.0,3059.0,,,,,,,,,11765427508.0,218384579.0,10100000.0,400000.0,0.039603960396039,18586.0,,90542419.0,-0.4836880990560629,58877.0,1247910.0,-0.5776416897716935,1.5529000000000002,1149.0,0.375,326932695.0,-0.07565808654788564,164733.0,9811315.0,-0.20749032092501674,0.9108,4819.0,-0.027623551248648074,231242029.0,-0.055192718667391505,193507.0,3100947.0,-0.05913502659559136,0.5121,2559.0,0.26806261156116984,0.0,,,0.0,,,,,,,,,,,,,748453255.0,-0.18917420153871847,520119.0,12120064.0,-0.15444898410232955,0.48660000000000003,8788.0,-0.25
206.18476090095814,0.1308641975308642,1575.5627955639254,vhGdPKU0YT,الميادين | Al Mayadeen,,https://www.facebook.com/1888546651412168?brand_redir=DISABLE,http://instagram.com/almayadeen.tv,,,https://www.tiktok.com/@almayadeentv,SY,,,Entertainment,7448777.0,,,,,,,,,3701822.0,186571.0,258897.0,-388.0,-0.001498665492454,163.0,,281310631.0,16443938.0,469681.0,749.0,0.0015946993810690001,9134.0,,,,,,,,,,,,,,,,520767345.0,21093634.0,1100000.0,0.0,0.0,10410.0,,,,,,,,,,258097.0,4.050920761658741,,8027.0,667.9166666666666,,,0.27010309278350514,7190680.0,-0.4639603723028351,52085.0,182127.0,-0.6535467671060892,1.3807,1827.0,-0.8687141117104576,,,,,,,,,,,,,,,,,6778622.0,-0.4211262033180652,55023.0,226985.0,-0.4613895170456568,1.1081,2192.0,
205.26421652608744,0.2691358024691358,762.6789696611505,693PKWhPUp03b9CZQ01,👑Lë Roi👑,,,http://instagram.com/amirbe546,,,https://www.tiktok.com/@amirbe546,,,,General Interest,496113.0,,,,,,,,,,,,,,,,13209751.0,441229.0,3761.0,693.0,0.184259505450678,461.0,,,,,,,,,,,,,,,,3824508842.0,129269711.0,942700.0,-114500.0,-0.12145963721226201,4360.0,,,,,,,,,,,,,,,,,,496113.0,-0.6362082468058147,20618.0,25407.0,-0.5771138482023968,1.4076,753.0,-0.3867595818815331,,,,,,,,,,,,,,,,,105189696.0,0.7696241182345833,641951.0,2449152.0,0.9103330200342419,0.6799000000000001,15057.0,
203.81618503879375,0.15555555555555556,1310.246903820817,4kZGV2VDf03RGNWX01,BRIKI,http://youtube.com/channel/UCmXcJg7AqkiRo7PQ48DrBww,https://www.facebook.com/707731712733432?brand_redir=DISABLE,http://instagram.com/bybriki,,,https://www.tiktok.com/@bybriki1,MA,,,General Interest,2168.0,Music,23202.0,168.0,42.0,0.0,0.0,8.0,,216818868.0,6306340.0,397186.0,-679.0,-0.0017095265190610002,1464.0,,100818858.0,35347100.0,438977.0,7091.0,0.016153465899124,4213.0,,,,,,,,,,,,,,,,331342823.0,19924210.0,334000.0,1000.0,0.002994011976047,848.0,,10.0,-0.375,,0.0,,,,,2158.0,-0.21924746743849494,2521.0,20.0,-0.8165137614678899,0.8481000000000001,58.0,,0.0,,,1500485.0,-0.28351983650432494,,,-0.44867011674088336,,,,,,,,,,,,,,,,,12329239.0,2.3887492627022726,239967.0,375981.0,1.6977763746080492,1.2351,10224.0,0.2857142857142857
202.84380960809474,0.10864197530864197,1867.0850657108722,Hg32naLS103fWazf01,عبدالرحمن سبارك,,,http://instagram.com/theoriginalspark,,,https://www.tiktok.com/@theoriginalspark,,,,General Interest,10868414.0,,,,,,,,,,,,,,,,74191412.0,3849236.0,314004.0,53498.0,0.170373625813683,211.0,,,,,,,,,,,,,,,,41439186.0,2067382.0,138800.0,48900.0,0.352305475504322,128.0,,,,,,,,,,,,,,,,,,10868414.0,0.4343126838269985,258634.0,617390.0,0.8080358450229889,2.1534,13867.0,3.5770954728821156,,,,,,,,,,,,,,,,,5403325.0,0.034846151783628085,236142.0,254438.0,0.44974787043104186,1.0786,8787.0,0.8933333333333333
200.7459208570122,0.12839506172839507,1563.5018835978835,mR25WBVcQr03cLK8D01,ishak_إسحاق,,,http://instagram.com/ishak__bouriba,,,https://www.tiktok.com/@ishak5565,,,,General Interest,,,,,,,,,,,,,,,,,,,,,,,,,,,,,,,,,,,,,,591773340.0,13379046.0,729500.0,23500.0,0.032213845099383,572.0,,,,,,,,,,,,,,,,,,,,,,,,,,,,,,,,,,,,,,,,,,29107911.0,0.03159293136242769,807455.0,575084.0,-0.1948973749088267,0.6106,17009.0,-0.3283582089552239
196.040938336926,0.16049382716049382,1221.4858465608465,7D2ovbM4De03Pgy8v01,Tarek Habib - طارق حبيب,,https://www.facebook.com/103399125025810?brand_redir=DISABLE,http://instagram.com/tarekk.habib,https://twitter.com/Tarekkhabib,,https://www.tiktok.com/@tarekk.habibb,,,,People & Blogs,1633796.0,,,,,,,,,1006149.0,100694.0,34025.0,-91.0,-0.002674504041146,109.0,,27335590.0,1631397.0,224670.0,-277.0,-0.0012329193928870001,171.0,,23490.0,790.0,1809.0,0.0,0.0,1.0,,,,,,,,,87156405.0,4736333.0,616700.0,-900.0,-0.001459380574023,193.0,,,,,,,,,,51.0,-0.6076923076923076,,1.0,,,,,1633745.0,-0.6860983057614563,461287.0,42588.0,-0.7844213169190897,1.4657,16835.0,-0.8021076401957095,0.0,,,0.0,,,,,,,,,,,,,694125.0,0.5507881008500989,85913.0,26457.0,0.05726502557544757,2.0476,6069.0,
193.915306541109,0.11604938271604938,1670.9723223223223,4i25xMczek03ZhWLi01,Dr Honda,http://youtube.com/channel/UC-ISmUin9R3YY03pcEONaIQ,,,,,https://www.tiktok.com/@dr.honda2,US,,,"Cars, Trucks & Racing",73036.0,"Spare tire,Engine,Honda,Hybrid electric vehicle,Service (motor vehicle),Car,Tire",2075120.0,28826.0,6520.0,140.0,0.021472392638036002,79.0,242.82711394773403,,,,,,,,,,,,,,,,,,,,,,,,,,,,,327663143.0,14571585.0,351600.0,17400.0,0.049488054607508006,1693.0,,73036.0,1.4600357034591935,3073.0,701.0,0.44536082474226807,1.8243,68.0,-0.25,,,,,,,,,,,,,,,,,,,,,,,,,,,,,,,,,9757574.0,0.11371799105174472,196182.0,323362.0,-0.2376270770855731,1.2855,8700.0,-0.14
193.75118824675454,0.12098765432098765,1601.412882447665,rMWPuwKiTU,د. مأمون علواني,,https://www.facebook.com/129228747247212?brand_redir=DISABLE,http://instagram.com/mamunalwani,,,https://www.tiktok.com/@dr..mamun.alwani,AE,,,People & Blogs,20118521.0,,,,,,,,,133611475.0,7322769.0,1131336.0,121077.0,0.107021256284605,1528.0,,120803102.0,4451434.0,633653.0,8023.0,0.012661504009292002,1790.0,,,,,,,,,,,,,,,,194184450.0,7248632.0,737700.0,47500.0,0.06438931815100901,1735.0,,,,,,,,,,15146149.0,0.03910611957231729,132356.0,917413.0,-0.06624060808513843,1.9428,7049.0,-0.1864850277718947,4972372.0,-0.5561212830170353,58743.0,191846.0,-0.6573223969534371,1.758,2660.0,-0.8161453294636138,,,,,,,,,,,,,,,,,17864592.0,-0.2541683298487399,180057.0,724534.0,-0.11464368066103503,0.9878,6136.0,-0.10720887245841035
191.00095041245368,0.14074074074074075,1357.1120160884866,3d5jqLhiK03exhmW01,Belalhani🇵🇸,,,,,,https://www.tiktok.com/@belalhani069,,,,General Interest,,,,,,,,,,,,,,,,,,,,,,,,,,,,,,,,,,,,,,334391687.0,21043800.0,504200.0,13000.0,0.025783419278064,808.0,,,,,,,,,,,,,,,,,,,,,,,,,,,,,,,,,,,,,,,,,,16204322.0,-0.2610450905849329,179758.0,955177.0,-0.2600832736216279,1.854,11599.0,-0.8355263157894737
190.11169476712217,0.16790123456790124,1132.2828879512424,7AhqoS82K03cfvw301,إعتدال 🇸🇦,,,,,,https://www.tiktok.com/@afewfeeling,,,,General Interest,,,,,,,,,,,,,,,,,,,,,,,,,,,,,,,,,,,,,,35526920.0,2062607.0,36500.0,150.0,0.004109589041095,199.0,,,,,,,,,,,,,,,,,,,,,,,,,,,,,,,,,,,,,,,,,,4602670.0,2.299107034060006,153690.0,186779.0,2.5515392367515353,1.2642,7541.0,1.0666666666666667
190.0089094650206,0.0962962962962963,1973.1694444444445,8tC4H6szS03QDXJL01,مع بندق,http://youtube.com/channel/UCgLiqye1s9mm9Csus3zQ_0w,,,,,https://www.tiktok.com/@bendoq,DE,,,General Interest,49393.0,"Entertainment,Film",8237382.0,515298.0,195000.0,0.0,0.0,22.0,316.1753341364457,,,,,,,,,,,,,,,,,,,,,,,,,,,,,78246465.0,3862617.0,339800.0,100.0,0.0002942907592701589,442.0,,49393.0,-0.15830819828570455,,1303.0,-0.14892227302416722,,,0.0,,,,,,,,,,,,,,,,,,,,,,,,,,,,,,,,,424762.0,-0.2598017945487402,58715.0,22849.0,-0.19204384724186704,1.2686,2569.0,-1.3076923076923077
189.18778193924263,0.17777777777777778,1064.1812734082398,7HcCcrLZK03WCFX401,Omar Dash⚡️,http://youtube.com/channel/UCp92XlzKNduDTHrnVF3-Qbg,https://www.facebook.com/142843118919471?brand_redir=DISABLE,http://instagram.com/omy_dash,,,https://www.tiktok.com/@omydash,SA,,,Entertainment,10235420.0,"IPhone,Association football,Viral phenomenon,Fish,Animal",2571690.0,116956.0,23200.0,1000.0,0.043103448275862,256.0,322.6849788792536,8347109.0,1114383.0,189311.0,-771.0,-0.0040726635008,1538.0,,208782445.0,8958272.0,647298.0,11832.0,0.018279061575966,931.0,,,,,,,,,,,,,,,,1338133037.0,79928555.0,2400000.0,0.0,0.0,2796.0,,12312.0,0.5256505576208178,9926.0,300.0,0.07526881720430108,2.947,356.0,,424880.0,-0.5469792575185365,11314.0,3146.0,-0.4382142857142857,0.23020000000000002,61.0,,9798228.0,-0.18907603745656532,189195.0,343544.0,-0.15651048763899836,1.3547,6382.0,-0.38934888972525405,,,,,,,,,,,,,,,,,16281072.0,-0.24881495442664778,636040.0,706070.0,-0.16018930739138554,1.1737,25755.0,
187.83704364784236,0.14814814814814814,1267.900044622936,3pqHgWynN03avMjd01,Discovery الشرق,http://youtube.com/channel/UCJdfy_z2iMsODx70_c2HHxQ,https://www.facebook.com/107853598729142?brand_redir=DISABLE,,,,https://www.tiktok.com/@asharqdiscovery,AE,Saudi Research & Media Group,"Broadcast, Cable, Radio, Film",Entertainment,78403860.0,"Television show,Entertainment,Food,Film,Knowledge,Society,Health,Lifestyle",104484636.0,1487621.0,368000.0,11000.0,0.029891304347826,3765.0,501.26287814900473,579777028.0,8361256.0,4389390.0,243415.0,0.05545531383631801,5948.0,,,,,,,,,,,,,,,,,,,,,,,918007438.0,16440583.0,1600000.0,100000.0,0.0625,4725.0,,3696652.0,0.35250161349570247,10356.0,42602.0,0.2143549398551964,1.4042,182.0,0.375,74707208.0,4.393153882082524,63471.0,1615016.0,5.1081606487067095,0.5754,1150.0,3.2776002608412127,,,,,,,,,,,,,,,,,,,,,,,,,36118780.0,0.014853523620488045,241166.0,550555.0,0.054771766743427736,0.453,3819.0,-1.0
187.67439829103796,0.10617283950617284,1767.6309606481482,epCQIqH1lW, هرجة,http://youtube.com/channel/UCBgOSjiXl5hf7v_0e0inBMQ,https://www.facebook.com/102700699809075?brand_redir=DISABLE,http://instagram.com/harjashow,https://twitter.com/JanaHisham,,https://www.tiktok.com/@harja,AE,,,General Interest,4516973.0,"Health,Entertainment,Society,Lifestyle",99777624.0,2746477.0,536000.0,41000.0,0.076492537313432,457.0,551.3600984399727,104812.0,1488.0,13211.0,-22.0,-0.0016652789342210001,80.0,,34225980.0,424685.0,88792.0,12023.0,0.135406342913776,189.0,,6281568.0,313092.0,40920.0,0.0,0.0,38.0,,,,,,,,,255369429.0,8408501.0,872000.0,35200.0,0.040366972477064,274.0,,2832833.0,0.5745947805748138,158155.0,70300.0,0.5046444929583493,2.7504,5306.0,0.8461538461538461,3.0,2.0,,0.0,,,,,1684137.0,0.008751585779436799,90162.0,19315.0,0.04219500350725733,0.5317000000000001,1193.0,-0.28748398120461344,0.0,,,0.0,,,,,,,,,,,,,11528365.0,0.6154423156256866,297619.0,300437.0,0.5777514034691552,0.7951,8164.0,0.7555555555555555
187.10203768983672,0.2641975308641975,708.1899557419055,HZ7JQLDHzd,العين الإخبارية,http://youtube.com/channel/UCQqkDCzglMefUmIl6rcE0eA,https://www.facebook.com/908878692509737?brand_redir=DISABLE,http://instagram.com/alainnews,https://twitter.com/AlAinNews,,https://www.tiktok.com/@alainnews,AE,,Media,Entertainment,14352966.0,"IGTV,Car,Performance,Brake",234755933.0,3635762.0,685000.0,2000.0,0.0029197080291970003,57168.0,522.7278462605979,1024425100.0,12446754.0,4738373.0,4815.0,0.001016171584634,56725.0,,389828734.0,8899365.0,818756.0,7719.0,0.009427717170927,47723.0,,115172746.0,1711119.0,815139.0,0.0,0.0,34116.0,,,,,,,,,10894992569.0,182988805.0,3900000.0,100000.0,0.025641025641025002,20924.0,,1434156.0,-0.23357741468998533,5079.0,20298.0,-0.42192350411528495,1.2053,77.0,-0.3333333333333333,2801558.0,-0.7226357052084996,15383.0,154926.0,-0.4633705343225887,0.8206,366.0,-1.0116500237755588,10117252.0,-0.2792799390213497,24573.0,133697.0,-0.20517805124546698,0.4968,313.0,-0.46188015592421355,0.0,,,0.0,,,,,,,,,,,,,576937589.0,-0.15240025013919953,611138.0,8356535.0,-0.02778002383391972,0.3889,8288.0,0.0
186.6980869881545,0.1259259259259259,1482.6024554941682,3K3J8WFB2703aq3Xh01,IBNAZZOUZ,,,,,,https://www.tiktok.com/@adel_binazzouz,,,,General Interest,,,,,,,,,,,,,,,,,,,,,,,,,,,,,,,,,,,,,,28424309.0,1914288.0,93900.0,3200.0,0.034078807241746,470.0,,,,,,,,,,,,,,,,,,,,,,,,,,,,,,,,,,,,,,,,,,350322.0,2.575772422451542,78953.0,18750.0,2.2745371987425775,2.1368,5820.0,
181.62798581614985,0.145679012345679,1246.768377212554,7Wx4JQQkH03Vpzhf01,Dr. Food,,https://www.facebook.com/101093028774849?brand_redir=DISABLE,http://instagram.com/drfood.worldwide,,,https://www.tiktok.com/@drfood.worldwide,TR,,,Food & Drink,32623719.0,Food,,,,,,,,2801605978.0,46288675.0,3759263.0,52975.0,0.014091857898742,1248.0,,34584638.0,1932607.0,2196038.0,-14018.0,-0.006383313949940001,558.0,,,,,,,,,,,,,,,,3167552060.0,134123148.0,8400000.0,100000.0,0.011904761904761,1106.0,,,,,,,,,,32232697.0,-0.202780822989808,744723.0,995390.0,0.01202670703698093,0.9291,21726.0,-0.3195738099329782,391022.0,-0.3224198819586682,917676.0,241.0,-0.6413690476190477,0.0349,1195.0,,,,,,,,,,,,,,,,,,68711776.0,0.05845387254477513,4111290.0,2109134.0,-0.04260261181750051,1.0038,142382.0,-1.0
181.28458863687112,0.14814814814814814,1223.6709732988802,37P7ZBrSP03RHX3301,Mohamed Aamer - محمد عامر,http://youtube.com/channel/UCvxkxiHMq-KrTZJgLNSrePQ,https://www.facebook.com/459446171266422?brand_redir=DISABLE,http://instagram.com/ifn,,http://www.twitch.tv/mohdaamer,https://www.tiktok.com/@mohdaamer,AE,,,People & Blogs,66804607.0,"Society,Film,Technology,Knowledge,Association football,Video game culture,Entertainment",350235690.0,12604957.0,531000.0,32000.0,0.06026365348399201,420.0,648.0860851466379,20340.0,1803.0,2525.0,-6.0,-0.002376237623762,8.0,,147827583.0,5457248.0,356409.0,12194.0,0.034213501903711,563.0,,,,,,,,,250.0,0.0,,,,1.0,,339919907.0,11354648.0,512700.0,49800.0,0.09713282621416,492.0,,47645999.0,0.7431356760019756,1679943.0,1112493.0,0.6004629503083698,2.4912,51058.0,0.64,0.0,-1.0,,0.0,-1.0,,,,19158608.0,0.383301286209874,442040.0,615802.0,0.34446365724366196,1.1545,12707.0,0.37150752225974826,,,,,,,,,,,,0.0,,,,,25952339.0,0.4306623226228187,1441364.0,618923.0,0.2630798084124642,0.8785000000000001,43686.0,0.5489130434782609
180.95418986621402,0.21728395061728395,832.8005329070078,EWrddzExZE,Erem News - إرم نيوز,http://youtube.com/channel/UCduaSMjIlv4MywNPLN-28gg,https://www.facebook.com/461868127221123?brand_redir=DISABLE,http://instagram.com/eremnewsofficial,https://twitter.com/EremNews,,https://www.tiktok.com/@eremnewsofficial,AE,Erem Media,Digital First Media,Entertainment,10147605.0,,31349075.0,85793.0,,,,2781.0,,500788384.0,10877627.0,2396752.0,63497.0,0.026492937108219,33727.0,,149552390.0,4688860.0,284323.0,7020.0,0.024690229070458,24975.0,,144300729.0,1264419.0,577429.0,0.0,0.0,24116.0,,,,,,,,,4340654133.0,114448036.0,5700000.0,100000.0,0.017543859649122,15449.0,,0.0,,,0.0,,,,,4708473.0,0.38269044295095467,11161.0,130371.0,0.3841719133213713,0.8524,310.0,-0.3708365874948316,5439132.0,-0.35543256784266064,25102.0,97862.0,-0.2884936964708962,0.6164000000000001,401.0,-0.6518917930908427,0.0,,,0.0,,,,,,,,,,,,,75635533.0,-0.353913323310198,267647.0,1713051.0,-0.39684807044661136,0.6279,5837.0,-1.0
180.56150820851047,0.1654320987654321,1091.45389290219,6T2tDFZJh503eisLR01,فـارس,,,http://instagram.com/3nvus,,,https://www.tiktok.com/@3nvus,,,,General Interest,32500447.0,,,,,,,,,,,,,,,,249558215.0,21126633.0,963141.0,74165.0,0.07700326328128401,300.0,,,,,,,,,,,,,,,,67035759.0,8298959.0,362300.0,43300.0,0.11951421473916601,313.0,,,,,,,,,,,,,,,,,,32500447.0,-0.2973353376657239,2032378.0,2695670.0,-0.29396108295951384,3.0986,156808.0,-0.22418224499237505,,,,,,,,,,,,,,,,,8751691.0,0.18557120282423,301325.0,874461.0,-0.008087650622567609,3.4283,35639.0,0.28307692307692306
180.29869632106386,0.18024691358024691,1000.287287808642,oKJrpcSalh,Nabd Albalad - نبض البلد,http://youtube.com/channel/UCkMElDpv-YjUZM9S-11kYSg,https://www.facebook.com/447478842262561?brand_redir=DISABLE,http://instagram.com/royanabdalbalad,https://twitter.com/royanabdalbalad,,https://www.tiktok.com/@royanabdalbalad,JO,,Media,Entertainment,72763428.0,"Military,Politics,Society",5033750.0,101652.0,15100.0,4500.0,0.29801324503311205,959.0,403.7714254973482,793437656.0,21758294.0,1568191.0,83196.0,0.05305221111459,38410.0,,544916714.0,11959152.0,451721.0,13971.0,0.030928382784949002,10285.0,,351659.0,3637.0,5834.0,0.0,0.0,664.0,,,,,,,,,1197922050.0,29310790.0,1700000.0,100000.0,0.058823529411764004,19967.0,,1222494.0,-0.4049809544298351,12165.0,27155.0,-0.40604562654476256,1.8517000000000001,277.0,-0.34250129735339907,47660096.0,-0.26495644821748904,40973.0,1872859.0,-0.5570596479577091,1.5285000000000002,1706.0,-0.42626442145396054,23880838.0,-0.2126966994093784,66824.0,233954.0,-0.23478676117054853,0.4137,722.0,-0.24743859649122807,0.0,,,0.0,,,,,,,,,,,,,75712915.0,-0.23450524002998652,100619.0,1143568.0,-0.45673780832512273,0.6275000000000001,2284.0,-1.0
179.4565667194902,0.13580246913580246,1321.4529003889734,4xCHNAm2r03W1d7P01,واقع بلاد الحرمين,http://youtube.com/channel/UCfGpbWeGZxgcO9iZnWGGw4g,https://www.facebook.com/101778738897812?brand_redir=DISABLE,http://instagram.com/rksa_ar,https://twitter.com/RKSA_ar,,https://www.tiktok.com/@rksa_ar,SA,,,Entertainment,4718021.0,,141978518.0,5294194.0,,,,564.0,,15861921.0,280630.0,84466.0,13038.0,0.15435796651907202,1105.0,,28786021.0,178466.0,20787.0,1144.0,0.05503439649781101,1067.0,,1341103.0,13220.0,8069.0,0.0,0.0,543.0,,,,,,,,,106277175.0,2428333.0,211500.0,32300.0,0.15271867612293102,778.0,,0.0,,,0.0,,,,,1309784.0,-0.3684875385900871,45818.0,30617.0,0.7798511800953377,0.2728,392.0,-0.35999738801097037,3408237.0,-0.7787285684987095,308815.0,9872.0,-0.7124213470053601,0.10250000000000001,788.0,-0.7611355849241311,0.0,,,0.0,,,,,,,,,,,,,4935306.0,-0.534269988699552,271858.0,79585.0,-0.21458037265119217,0.2989,2803.0,0.037914691943127965
178.61459077592784,0.24938271604938272,716.2268243985225,as2jQr6Z1p03dspgH01,weaam4life,,,,,,https://www.tiktok.com/@weaam4life,,,,Entertainment,,"Internet meme,Humour,Entertainment",,,,,,,,,,,,,,,,,,,,,,,,,,,,,,,,,,,,534770463.0,19869439.0,663800.0,400.0,0.0006025911419102139,1764.0,,,,,,,,,,,,,,,,,,,,,,,,,,,,,,,,,,,,,,,,,,11657389.0,-0.6555871475924241,298137.0,350989.0,-0.6847148376410181,0.924,9504.0,-1.0
178.2570837632381,0.17037037037037037,1046.2915786103106,6acst3jRi03awF6u01,علاء إبراهيم,http://youtube.com/channel/UCuZd3yHJJKqnS4zsALysceg,https://www.facebook.com/109249731783663?brand_redir=DISABLE,,https://twitter.com/Alaaebrahim_83,,https://www.tiktok.com/@alaaebrahim709,EG,,,People & Blogs,1114933.0,Religion,33832.0,586.0,100.0,0.0,0.0,19.0,,14870438.0,805424.0,195123.0,2473.0,0.012674056876944001,1820.0,,,,,,,,,2000.0,147.0,4640.0,0.0,0.0,16.0,,,,,,,,,643438838.0,32934250.0,1300000.0,0.0,0.0,1713.0,,8.0,1.0,,0.0,,,,,1114925.0,0.29484500882063625,13434.0,47728.0,-0.2197227308396547,1.6731,577.0,-0.10784313725490197,,,,,,,,,0.0,,,0.0,,,,,,,,,,,,,24499792.0,-0.41660623727521084,411487.0,1594807.0,-0.33262039917896097,1.9434,27589.0,-1.0
177.6422742211627,0.16049382716049382,1106.8480163010906,6y2CGoPSJC03dC3Re01,✨نور التسبيح✨,http://youtube.com/channel/UCCobgWJPZDDG4J2MZBNsWUw,,,,,https://www.tiktok.com/@alij.qurankarim,,,,General Interest,0.0,,1895474.0,121117.0,,,,78.0,,,,,,,,,,,,,,,,,,,,,,,,,,,,,,169799332.0,8943995.0,627300.0,-11100.0,-0.017694882831181,400.0,,0.0,,,0.0,,,,,,,,,,,,,,,,,,,,,,,,,,,,,,,,,,,,,5567943.0,-0.8983055815958395,744526.0,189791.0,-0.9216346838709677,1.2443,31961.0,-1.0163684811572136
176.96002196134702,0.2123456790123457,833.3582429575063,29aAqHAya03RXGXE01,Anas Habib,http://youtube.com/channel/UCpmBOnuphrIjidON_O0UsRA,https://www.facebook.com/103146504862763?brand_redir=DISABLE,http://instagram.com/anas.i.habib,,,https://www.tiktok.com/@anas.i.habib,,,,General Interest,4875738.0,"Performing arts,Lifestyle,Film,Music of Asia,Entertainment,Music",28780.0,219.0,192.0,0.0,0.0,80.0,,121068150.0,5819456.0,968361.0,27711.0,0.028616394092698002,191.0,,71434484.0,3867793.0,453930.0,-2554.0,-0.005626418170202,170.0,,,,,,,,,,,,,,,,49370531.0,3515596.0,467600.0,1600.0,0.0034217279726260004,191.0,,332.0,0.45614035087719296,,2.0,0.0,,,-1.0,3242514.0,-0.5395744848829856,449760.0,135580.0,-0.5565875754255719,1.5908,22466.0,-0.6599052919351689,1632892.0,-0.7301944149689381,700275.0,52855.0,-0.7843498057903842,1.9751,34439.0,-1.0406570009125014,,,,,,,,,,,,,,,,,180109.0,-0.9025962402188744,192584.0,7733.0,-0.7942311274314148,1.4013,9310.0,-1.5
176.61913109002174,0.18024691358024691,979.873261526833,uivuqtZ3gZ,Jousef Elkott - يوسف القط,http://youtube.com/channel/UCAvEMg9Gdfvtmc8U9zb4KIQ,https://www.facebook.com/1223900604295803?brand_redir=DISABLE,,,,https://www.tiktok.com/@jousef_elkott,AE,,,People & Blogs,14445190.0,"Religion,Entertainment",82206683.0,3641734.0,402000.0,0.0,0.0,266.0,360.88642062912896,216493877.0,16471863.0,2486129.0,82841.0,0.03332127978878,843.0,,3959703.0,263321.0,,,,215.0,,,,,,,,,,,,,,,,994718928.0,92495182.0,6500000.0,0.0,0.0,817.0,,632714.0,-0.5393381381285179,,17837.0,-0.5638555395261267,,,-0.5,13812476.0,-0.42236667854763765,1394026.0,1101650.0,-0.4059418220408445,2.0094,84813.0,-0.5635889405127354,0.0,,,0.0,,,,,,,,,,,,,,,,,,,,,18224362.0,-0.3880128388487536,2966400.0,1933394.0,-0.361382936907715,2.8746,294184.0,0.0
175.17387216596535,0.14814814814814814,1182.4236371202662,5L3UjcCrvk03WM7CL01,علي كشاكش - ali kashakesh,http://youtube.com/channel/UCBCf7Jx-m8WAk2egb_KQ_lQ,https://www.facebook.com/336761823650277?brand_redir=DISABLE,http://instagram.com/ali.m.kashakesh,https://twitter.com/sophistaei,,https://www.tiktok.com/@alikashakesh0,JO,,,People & Blogs,17379438.0,"Religion,Politics,Knowledge,Society",345139737.0,11956740.0,688000.0,36000.0,0.05232558139534801,529.0,595.1970325733179,102940277.0,3805229.0,317725.0,8027.0,0.025263986151546004,531.0,,10108.0,30184.0,,,,123.0,,1055.0,24.0,1417.0,0.0,0.0,7.0,,,,,,,,,437595320.0,19610206.0,907200.0,8700.0,0.009589947089947001,714.0,,16165158.0,0.06812601715460354,460762.0,317980.0,0.025877616071803045,2.9324,16483.0,0.0,1214280.0,0.39066180925298366,87077.0,49627.0,-0.27264066599246656,2.1421,4183.0,-0.4653409090909091,0.0,,,0.0,,,,,0.0,,,0.0,,,,,,,,,,,,,5007716.0,-0.493851636549906,836537.0,179220.0,-0.5060510265109651,1.2189,35177.0,-0.6666666666666666
175.0050167543626,0.2345679012345679,746.0740187949143,3AxjZbEm803RZTeK01,أحمد المهنا إبن العظيمة رويدة الصائغ,,,http://instagram.com/ahmed_almohannaa,https://twitter.com/ahmedalmohannaa,,https://www.tiktok.com/@ahmedalmohannaa,SA,,,General Interest,0.0,,,,,,,,,,,,,,,,619716.0,71872.0,,,,301.0,,270591.0,7391.0,2447.0,0.0,0.0,101.0,,,,,,,,,416487780.0,13436115.0,580900.0,16200.0,0.027887760371836,462.0,,,,,,,,,,,,,,,,,,0.0,,,0.0,,,,,0.0,,,0.0,,,,,,,,,,,,,22432180.0,0.5210864614626832,936359.0,464467.0,0.5021814712398325,0.6772,21876.0,-0.014492753623188406
174.71725227251943,0.10123456790123457,1725.8655407407407,gryWDVYzfP,NoonPost نون بوست,http://youtube.com/channel/UCXoa8ahntIc4Gahzvcs9ouA,https://www.facebook.com/243713825764151?brand_redir=DISABLE,http://instagram.com/noonpost,https://twitter.com/NoonPost,,https://www.tiktok.com/@noonpost,TR,Noon Post,Media,Entertainment,63789179.0,"Politics,Religion,Society",312839617.0,17683493.0,614000.0,18000.0,0.029315960912052002,8443.0,576.21987144317,454639671.0,15190396.0,2739512.0,25936.0,0.009467379591693,11152.0,,443425815.0,31713532.0,729813.0,2913.0,0.003991433421986,10646.0,,15329570.0,177732.0,112194.0,0.0,0.0,4274.0,,,,,,,,,392396487.0,18833318.0,826000.0,2100.0,0.002542372881355,5284.0,,9026044.0,-0.03161608925653776,23382.0,649587.0,-0.11593151598459382,6.3113,1860.0,0.4444444444444444,30841582.0,0.5930300967039501,63845.0,3047940.0,0.7798065064653562,2.49,5135.0,0.14178258953861647,23921553.0,0.32044494560197284,62836.0,314138.0,-0.36632381152178867,1.2921,2107.0,-0.47847889678228167,0.0,,,0.0,,,,,,,,,,,,,6200496.0,0.7385151520504286,37147.0,166180.0,0.4464018382480939,1.0401,1429.0,0.9259259259259259
174.68318905065453,0.09876543209876543,1768.6672891378773,7KiHyZGmd03ZnpYh01,Poulla Tawfik | بولا توفيق,http://youtube.com/channel/UCzYDoHZKqvfbuTjVJwTZ9lA,,http://instagram.com/poullasomewhere,,,https://www.tiktok.com/@poulla.t,DE,,,General Interest,2150983.0,"Travel,Tourism",40183301.0,1046755.0,155000.0,0.0,0.0,160.0,349.3955162839522,,,,,,,,126233107.0,3472053.0,528886.0,6443.0,0.012182209398622001,365.0,,,,,,,,,,,,,,,,78853972.0,3593429.0,320800.0,500.0,0.0015586034912710002,389.0,,176789.0,-0.1738098242367313,253514.0,4075.0,-0.04499648464963675,1.6995,5256.0,,,,,,,,,,1974194.0,-0.21839729387749285,353337.0,90145.0,-0.19701234611890042,1.9771,17394.0,-0.3655195738564302,,,,,,,,,,,,,,,,,329434.0,-0.5717053054177458,104276.0,16303.0,-0.6002501042100875,1.8412000000000002,6623.0,-0.625
174.03320509139633,0.11851851851851852,1468.4051679586564,4l442ejVBK,CNNArabic,http://youtube.com/channel/UCSC_8gNeqj7hVDSPRzTc9_A,https://www.facebook.com/102581028206?brand_redir=DISABLE,http://instagram.com/cnnarabic,https://twitter.com/cnnarabic,,https://www.tiktok.com/@cnnarabic,AE,Warner Bros. Discovery,"Broadcast, Cable, Radio, Film",Entertainment,42083544.0,CNN,632511045.0,6340898.0,1340000.0,0.0,0.0,14034.0,609.3846706767755,717147438.0,10233421.0,4093153.0,52662.0,0.012865876257252001,26886.0,,8669660.0,4729987.0,1060867.0,4442.0,0.004187141272185,7414.0,,180100648.0,976427.0,13250011.0,0.0,0.0,20884.0,,,,,,,,,223565091.0,4880085.0,615000.0,5200.0,0.008455284552845001,3911.0,,11226285.0,0.4933650302855679,39389.0,135753.0,0.3494333996023857,1.2829000000000002,636.0,0.0,30857259.0,0.16054396511108493,66123.0,458199.0,0.012381930865343187,0.5574,1158.0,0.05270466452060847,0.0,,,195628.0,0.3710288954144386,,,0.20573515487623428,0.0,,,0.0,,,,,,,,,,,,,19715101.0,0.9923178678114225,83247.0,297689.0,1.782348212950501,0.4449,1337.0,1.353658536585366
173.6752010661227,0.20246913580246914,857.7860540460938,6nnMYghH603bGHWF01,احمد صبري / Ahmed Sapry,,https://www.facebook.com/105830115400508?brand_redir=DISABLE,,,,https://www.tiktok.com/@ahmed_sabry125,EG,,,General Interest,29.0,,,,,,,,,718487.0,49381.0,16004.0,-25.0,-0.0015621094726310002,138.0,,,,,,,,,,,,,,,,,,,,,,,1829852355.0,97205899.0,,,,1575.0,,,,,,,,,,29.0,0.6111111111111112,,0.0,-1.0,,,,,,,,,,,,,,,,,,,,,,,,,,,,0.0,-1.0,,0.0,-1.0,,,-1.0
172.14482395976225,0.1308641975308642,1315.4462962962964,z42P6zR9iZ03eDJmJ01,Antirafidite,,,,,,https://www.tiktok.com/@antirafidite7,,,,General Interest,,,,,,,,,,,,,,,,,,,,,,,,,,,,,,,,,,,,,,16441822.0,866136.0,60400.0,-50.0,-0.0008278145695364238,255.0,,,,,,,,,,,,,,,,,,,,,,,,,,,,,,,,,,,,,,,,,,185276.0,3.5533546325878596,47782.0,7225.0,1.9501837484687627,1.0636,1753.0,
171.82002240512116,0.17037037037037037,1008.5088271604939,52KxLJyh403SDz9K01,سعدني في الحضارة,http://youtube.com/channel/UCOPzqbQi9upj1g0Q70J4Opg,https://www.facebook.com/108059280811376?brand_redir=DISABLE,http://instagram.com/7adara101,,,https://www.tiktok.com/@7adara101,EG,,Media,People & Blogs,28925327.0,,775309.0,44915.0,37200.0,1900.0,0.051075268817204006,32.0,269.0825739389059,36681703.0,1342966.0,677091.0,32528.0,0.048040809876368,709.0,,102562343.0,2427073.0,375035.0,8736.0,0.023293825909581,749.0,,,,,,,,,,,,,,,,258752884.0,1251271.0,203900.0,7200.0,0.035311427170181,797.0,,12900.0,0.32921174652241114,,606.0,0.4744525547445255,,,1.5,2297621.0,-0.2959697578631211,35114.0,95779.0,0.1275811730357185,1.0672,1176.0,1.8231823578083965,26614806.0,2.7312852215774304,295800.0,80062.0,-0.3251856409564829,0.4404,3243.0,-0.11562142038946163,,,,,,,,,,,,,,,,,2251467.0,0.9503369285662929,89924.0,53810.0,0.20192092919365648,1.4983,4761.0,-0.2777777777777778
171.5962054892923,0.23209876543209876,739.3240768421635,7K3M4e4kCE03aQgwC01,OMAR.,,,,,,https://www.tiktok.com/@cr_025,,,,General Interest,,,,,,,,,,,,,,,,,,,,,,,,,,,,,,,,,,,,,,903426323.0,53244188.0,492800.0,31500.0,0.063920454545454,685.0,,,,,,,,,,,,,,,,,,,,,,,,,,,,,,,,,,,,,,,,,,58797372.0,0.4514182668856859,1779240.0,3288534.0,0.34139590206463105,1.9842,121800.0,0.25806451612903225
170.78155745087759,0.3135802469135803,544.61835250083,2pjRQsTF703Vpzhf01,تالا صفوان - Tala Safwan,http://youtube.com/channel/UCG88qvYf5W4QK7BWPVWjHoA,https://www.facebook.com/241768585678172?brand_redir=DISABLE,,,,https://www.tiktok.com/@talolil,SA,,,People & Blogs,98876.0,,93027442.0,7092196.0,793000.0,2000.0,0.002522068095838,166.0,381.45644409104807,0.0,7118.0,1652.0,-4.0,-0.002421307506053,72.0,,0.0,5158244.0,,,,522.0,,,,,,,,,,,,,,,,7189617534.0,324042046.0,7400000.0,100000.0,0.013513513513513,2356.0,,98876.0,0.18455511495010243,,940.0,0.5666666666666667,,,,0.0,,,0.0,,,,,0.0,,,0.0,,,,,,,,,,,,,,,,,,,,,278723772.0,0.44880692946160583,3452884.0,6003516.0,0.1462510045301949,0.8931,106384.0,-1.0
170.05316996914178,0.12345679012345678,1377.4306767500484,6C2q42g5jv03eqB9M01,Achra10k,,,,,,https://www.tiktok.com/@ach10koora,,,,General Interest,,,,,,,,,,,,,,,,,,,,,,,,,,,,,,,,,,,,,,536640040.0,8347061.0,653000.0,25100.0,0.038437978560490006,637.0,,,,,,,,,,,,,,,,,,,,,,,,,,,,,,,,,,,,,,,,,,20743752.0,-0.5254740272387204,604048.0,203964.0,-0.6275119984221253,0.361,7523.0,-0.6368715083798883
169.3917441156618,0.09135802469135802,1854.1528747795414,iLbleYqckG,Screen Mix,http://youtube.com/channel/UCpCOgi8WuuJHgBnzGtr0omA,https://www.facebook.com/479919375491829?brand_redir=DISABLE,http://instagram.com/screenmixx,https://twitter.com/ScreenMix,,https://www.tiktok.com/@screenmixx,EG,,Media,Sports,25120962.0,"Unexpected (Star Trek: Enterprise),Surprise (emotion),Anticipation",1795.0,60.0,9.0,0.0,0.0,36.0,,1593111455.0,58928629.0,13604760.0,68051.0,0.005001999300244001,3280.0,,714492389.0,53085390.0,1820211.0,-2673.0,-0.0014685110682220001,3062.0,,128974273.0,22784287.0,2259957.0,0.0,0.0,14674.0,,,,,,,,,475885917.0,14373519.0,747800.0,-2100.0,-0.002808237496656,795.0,,0.0,,,0.0,,,,,22449967.0,-0.5127541086012135,344869.0,836554.0,-0.4656932031493005,1.0133,11046.0,-0.6514954602100765,2670995.0,-0.5351557605290637,445291.0,56273.0,0.24327250231982678,0.3657,4054.0,,0.0,,,0.0,,,,,,,,,,,,,662016.0,0.733611612298394,5996.0,14613.0,0.09880442138506655,0.5672,117.0,
169.03308878592833,0.1506172839506173,1122.2688681688683,2e28tVS7VA03WAUnq01,zeinhom3s,http://youtube.com/channel/UCxX5bnAv8Nbla0idvvcvH4g,,,,,https://www.tiktok.com/@zeinhom3s,,,,Entertainment,130.0,"Social media,Communication,Engagement,Social interaction,Reply (TV series),Reply (company),Reply,Answer (response),Dialogue,Responsibility,Community,Content creation",352546.0,6131.0,462.0,2.0,0.004329004329004,71.0,,,,,,,,,,,,,,,,,,,,,,,,,,,,,,608960838.0,32955266.0,611800.0,101600.0,0.166067342268715,3380.0,,130.0,-0.20245398773006135,7208.0,5.0,4.0,0.3118,27.0,,,,,,,,,,,,,,,,,,,,,,,,,,,,,,,,,,66797179.0,0.3340947381480849,459952.0,3458808.0,0.3628745601146155,1.4088,22433.0,0.0990990990990991
167.96578115574857,0.15555555555555556,1079.7800217155266,763Bp4Ujog03bmxLa01,Maram,,,,,,https://www.tiktok.com/@kkj7nt,,,,General Interest,,"Spirituality,Islam,Guideline,Quran,Allah,Faith",,,,,,,,,,,,,,,,,,,,,,,,,,,,,,,,,,,,42370781.0,3066038.0,61700.0,1750.0,0.02836304700162,188.0,,,,,,,,,,,,,,,,,,,,,,,,,,,,,,,,,,,,,,,,,,3209958.0,0.9734181401919835,218919.0,213917.0,0.5023316244118267,2.4128,18222.0,0.34093637454981995
167.62929015133773,0.17037037037037037,983.9110508882867,3q35GXeNZ303eJcy501,Rama,,,,,,https://www.tiktok.com/@rama_thoughts,,,,General Interest,,,,,,,,,,,,,,,,,,,,,,,,,,,,,,,,,,,,,,19454625.0,761831.0,95600.0,4900.0,0.051255230125523,65.0,,,,,,,,,,,,,,,,,,,,,,,,,,,,,,,,,,,,,,,,,,8088805.0,6.922938286962442,127709.0,162145.0,2.4936007928983885,1.4638,6449.0,0.5972222222222222
166.0224583722803,0.09382716049382717,1769.4498852835136,6c2S38DxgC03M3kNs01,Deya Elayyan | ضياء عليان,http://youtube.com/channel/UCv1QTqaLS4nNaeziuwpajfA,https://www.facebook.com/312470459265299?brand_redir=DISABLE,http://instagram.com/deyaelayyan,,,https://www.tiktok.com/@deya_elayyan,JO,,,People & Blogs,24174593.0,"Guideline,Spiritual development,Gratitude,Ummah,Dhikr,Self-help,Dunya,Faith,Islam,Spirituality,Balance (ability),Meaning of life",94497180.0,3423861.0,657000.0,8000.0,0.012176560121765,363.0,482.0225020407956,280719189.0,6263717.0,1816964.0,9712.0,0.005345180201699,702.0,,674102906.0,39086134.0,3070698.0,17485.0,0.0056941451096780005,1151.0,,,,,,,,,,,,,,,,544027822.0,32024450.0,2500000.0,0.0,0.0,1442.0,,1125213.0,-0.22001256061954633,35264.0,24302.0,0.18609985846063742,3.6213,1558.0,-0.15384615384615385,3518786.0,0.763977577724506,144147.0,186571.0,0.3517384783695471,2.1255,9620.0,0.037024756852343056,19530594.0,-0.1018642165764887,829998.0,529282.0,-0.5000174758950728,1.8940000000000001,39143.0,-0.5915436018168414,,,,,,,,,,,,,,,,,6851454.0,-0.08554871649631007,315396.0,334345.0,-0.14064929690773054,1.5535999999999999,16904.0,
165.46494293035173,0.1111111111111111,1489.1844863731656,mgfMqk19503czXee01,محمود نصار,,,,,,https://www.tiktok.com/@mahmoud_salah_nassar,,,,General Interest,,,,,,,,,,,,,,,,,,,,,,,,,,,,,,,,,,,,,,92568889.0,4726863.0,359000.0,1250.0,0.003481894150417,683.0,,,,,,,,,,,,,,,,,,,,,,,,,,,,,,,,,,,,,,,,,,2136460.0,-0.13356946863069374,112285.0,66973.0,-0.1845588145767128,0.8807,3411.0,0.13559322033898305
165.07561365286855,0.08888888888888889,1857.1006535947713,2jhAYFESQ03bhXUY01,حماده بن الحاج سعد⚛️☪️,,,,,,https://www.tiktok.com/@hamada.saaad,,,,General Interest,,,,,,,,,,,,,,,,,,,,,,,,,,,,,,,,,,,,,,56607316.0,1418670.0,110300.0,600.0,0.005439709882139001,773.0,,,,,,,,,,,,,,,,,,,,,,,,,,,,,,,,,,,,,,,,,,910489.0,-0.16680789771333818,77701.0,18857.0,-0.22026959973536223,0.6135,1713.0,-0.1875
164.04055215949498,0.1259259259259259,1302.6749730312838,6tfMqjqo903Y7qpG01,حسن ثامر,http://youtube.com/channel/UCOwf6sABunLlmLxw0-cqkLw,https://www.facebook.com/104753445751553?brand_redir=DISABLE,http://instagram.com/hisn_77,,,https://www.tiktok.com/@7asanology,,,,General Interest,2514323.0,,23982.0,634.0,,,,29.0,,20580130.0,1461693.0,238007.0,153064.0,0.643107135504417,321.0,,0.0,4507.0,1339.0,8.0,0.005974607916355,33.0,,,,,,,,,,,,,,,,569804943.0,26258896.0,2300000.0,100000.0,0.043478260869565,467.0,,0.0,,,0.0,,,,,2514323.0,1.873692632108304,81884.0,184753.0,1.6120512929267223,2.2235,5030.0,2.718287373004354,0.0,,,0.0,,,,,,,,,,,,,,,,,,,,,22874939.0,-0.48378131342948244,4388461.0,1234909.0,-0.41490505365029023,1.3296999999999999,201325.0,-1.0
163.87614709415422,0.1506172839506173,1088.0301569365977,4W2dYaTQqm03eUohE01,زين خير الله الصفحة الرسمية,,,,,,https://www.tiktok.com/@zainkairalah7,,,,General Interest,,,,,,,,,,,,,,,,,,,,,,,,,,,,,,,,,,,,,,155954560.0,8026610.0,,,,407.0,,,,,,,,,,,,,,,,,,,,,,,,,,,,,,,,,,,,,,,,,,0.0,,,0.0,,,,
162.97764494653384,0.14074074074074075,1157.9990561990562,6e3Pzmt88Y03dX1Yq01,MUKHAWAR2,,,,,,https://www.tiktok.com/@mukhawar2,,,,General Interest,,,,,,,,,,,,,,,,,,,,,,,,,,,,,,,,,,,,,,1223659487.0,26249972.0,454000.0,14900.0,0.032819383259911,3050.0,,,,,,,,,,,,,,,,,,,,,,,,,,,,,,,,,,,,,,,,,,67952837.0,-0.14889172543619325,3118948.0,687074.0,-0.17691045223120694,0.3401,39774.0,-0.35064935064935066
161.77523358566614,0.10123456790123457,1598.0236488340192,7X2mDYbXMt03ZiPhs01,Ahmed | احمد الكثيري,http://youtube.com/channel/UCuG2An7XretRHjjwKm-BveQ,,http://instagram.com/ahkathirii,,,https://www.tiktok.com/@ahkathirii,SA,,,General Interest,4506806.0,"Food,Knowledge,Entertainment,Religion",32183185.0,1331122.0,92300.0,100.0,0.0010834236186340002,193.0,318.31047218852626,,,,,,,,103667059.0,4675109.0,394685.0,2844.0,0.007205746354687001,479.0,,,,,,,,,,,,,,,,526686728.0,22100455.0,1100000.0,0.0,0.0,595.0,,845877.0,2.5057318346844384,75348.0,16242.0,2.6913636363636364,1.774,1630.0,7.0,,,,,,,,,3660929.0,0.1360820576859102,204835.0,135514.0,0.04599590907336652,1.5652,7983.0,0.5505848553252617,,,,,,,,,,,,,,,,,4111697.0,-0.5050123003636237,621241.0,247321.0,-0.3162677415252597,1.2696,27211.0,
161.7287741040317,0.09382716049382717,1723.6882503192849,T72n7trKuE03Zzn1G01,سلمى,http://youtube.com/channel/UC5FK9Pc8ze0bW588nogyBfQ,,,,,https://www.tiktok.com/@salmaa.375,,,,General Interest,3.0,Food,86536.0,3307.0,193.0,0.0,0.0,128.0,,,,,,,,,,,,,,,,,,,,,,,,,,,,,,173901850.0,11693422.0,516000.0,1700.0,0.00329457364341,164.0,,3.0,0.0,,0.0,,,,,,,,,,,,,,,,,,,,,,,,,,,,,,,,,,,,,19196469.0,-0.5759125588231317,2387418.0,719475.0,-0.6663024235309724,1.7850000000000001,147026.0,-0.8142857142857143
161.72877410403166,0.14074074074074075,1149.1255002128564,Rqx4JQ7vT03f6EPo01,التلفزيون العربي,http://youtube.com/channel/UC65i3Fyq91uiUkIS0i5GLNQ,https://www.facebook.com/1438076366477515?brand_redir=DISABLE,http://instagram.com/alarabytv,https://twitter.com/AlarabyTV,,https://www.tiktok.com/@alarabytv,QA,Fadaat Media,Media,News & Politics,422961686.0,"Bomb,News",7179245385.0,141271744.0,10200000.0,200000.0,0.019607843137254003,240937.0,801.3604566825965,13464276159.0,206983013.0,29453488.0,484510.0,0.016450004155704002,219389.0,,5050733337.0,156336549.0,4733059.0,71157.0,0.015034040353183,54362.0,,667682976.0,12934605.0,8508355.0,0.0,0.0,144104.0,,,,,,,,,3741724146.0,94061920.0,8200000.0,200000.0,0.024390243902439,51778.0,,120073780.0,-0.4924286858439562,38858.0,1866359.0,-0.6164379197999778,1.7806000000000002,876.0,-0.85,77060533.0,-0.22520574485958333,28661.0,2149140.0,-0.4209465734745065,0.9395,881.0,1.9491706685039127,225827373.0,-0.2965749949284314,174302.0,3231804.0,-0.5058904578939475,0.7882,3567.0,-0.5644699640476107,0.0,,,0.0,,,,,,,,,,,,,196708693.0,-0.19506554921331795,93988.0,3072925.0,-0.09798849166081308,0.48750000000000004,1639.0,0.5
161.50184873588412,0.17037037037037037,947.9456338845373,Dm0H9sT1ld,قناة الحدث Al Hadath,http://youtube.com/channel/UCrj5BGAhtWxDfqbza9T9hqA,https://www.facebook.com/588565647885123?brand_redir=DISABLE,http://instagram.com/alhadath,https://twitter.com/AlHadath,,https://www.tiktok.com/@alhadath,AE,Al Arabiya,"Broadcast, Cable, Radio, Film",News & Politics,496782886.0,"Politics,Television show,Society",5838323389.0,74711466.0,8190000.0,50000.0,0.006105006105006,203671.0,756.4726100233903,11382423566.0,270420375.0,21019962.0,189715.0,0.009025468266783,287823.0,,3414059561.0,92090810.0,4004772.0,73794.0,0.018426517165022003,126990.0,,1296805413.0,10302188.0,11713767.0,0.0,0.0,175447.0,,,,,,,,,14461995406.0,337183800.0,13100000.0,300000.0,0.022900763358778,50106.0,,88622725.0,-0.46693944228494655,26271.0,929466.0,-0.5723842600366856,1.1549,384.0,-0.6,244547956.0,-0.05210143310321177,43119.0,6757916.0,-0.050631152693927296,0.8,1136.0,-0.560006256761865,163612205.0,-0.0997131529200268,56888.0,2486778.0,-0.14944000656703246,0.6471,956.0,-0.42491294097289817,0.0,,,0.0,,,,,,,,,,,,,581078637.0,0.06572166576164418,238360.0,12299895.0,0.28627684616028964,0.5505,4559.0,0.5
161.14924839439055,0.12839506172839507,1255.1047230716956,233NeFWUDu03e41QV01,العلم والإيمان | مصطفي محمود,,,,,,https://www.tiktok.com/@drmostafamahmoud04,,,,General Interest,,,,,,,,,,,,,,,,,,,,,,,,,,,,,,,,,,,,,,56593622.0,4155542.0,474600.0,9550.0,0.020122208175305002,175.0,,,,,,,,,,,,,,,,,,,,,,,,,,,,,,,,,,,,,,,,,,2235998.0,0.5163502853670711,206722.0,199308.0,0.8878690574294564,2.2051,15726.0,1.0520833333333333
160.00750270738573,0.1925925925925926,830.8081871345029,BCYJKGYAA6,عمر فاروق Omar Farooq,http://youtube.com/channel/UC7lfpgPpjx7YvuE12_UcGrg,https://www.facebook.com/1782842158458802?brand_redir=DISABLE,http://instagram.com/omr94,https://twitter.com/omr94_,,https://www.tiktok.com/@omr94,BH,,,Entertainment,50664260.0,"Sport,Film,Entertainment,Society,Lifestyle,Association football",1853392116.0,65274459.0,8080000.0,20000.0,0.0024752475247520004,493.0,636.3254565451962,30802570.0,656345.0,193951.0,-444.0,-0.002289238003413,294.0,,1118346004.0,66400333.0,5730796.0,-8163.0,-0.0014244094537650001,1153.0,,30500389.0,681399.0,280666.0,0.0,0.0,550.0,,,,,,,,,1243525698.0,73581903.0,4200000.0,0.0,0.0,556.0,,13420243.0,0.38789578229004656,995279.0,239507.0,1.4065734209521512,1.4166,17201.0,2.0,4827.0,11.158690176322418,,25.0,-0.1935483870967742,,,,37239190.0,0.09830591475668912,2443750.0,1472784.0,0.28514510395233533,1.5670000000000002,95353.0,0.03733114104743932,0.0,,,0.0,,,,,,,,,,,,,20257288.0,-0.21682161447278542,1261079.0,1211187.0,1.0199849233324771,0.8692000000000001,37815.0,
159.3655138841467,0.1308641975308642,1217.7930777939512,2S2u7boq8s03aiqxS01,Fadi maaz,http://youtube.com/channel/UCHUbIZHlNStxqReft9B8bfA,,http://instagram.com/fadi_maaz,,,https://www.tiktok.com/@fadimaaz,AE,,,General Interest,34216953.0,"Entertainment,Religion,Film,Lifestyle",949347.0,1737.0,6470.0,80.0,0.012364760432766,304.0,203.2301059238321,,,,,,,,1928223212.0,66943694.0,3108940.0,15064.0,0.004845381384008,343.0,,,,,,,,,,,,,,,,637133123.0,26556668.0,1300000.0,0.0,0.0,267.0,,14025.0,0.762598969460852,,14.0,1.0,,,5.0,,,,,,,,,34202928.0,-0.5202297919396499,4374850.0,945875.0,-0.5161972580206272,0.811,88345.0,-0.5739996633988304,,,,,,,,,,,,,,,,,18630703.0,-0.48854653759894867,2383946.0,639560.0,-0.575002242740995,1.1389,93668.0,-1.0
158.24565833323035,0.12839506172839507,1232.4902235568902,NvuveLEFhV,DW جعفر توك,http://youtube.com/channel/UC2KCI1AXQVx1_XJmykB7cHA,https://www.facebook.com/1643141409322787?brand_redir=DISABLE,http://instagram.com/dw_jaafartalk,,,https://www.tiktok.com/@dw_jaafartalk,DZ,Deutsche Welle,"Broadcast, Cable, Radio, Film",News & Politics,62327186.0,"Politics,Religion,Society,Television show,Lifestyle,Entertainment",363777847.0,6293084.0,626000.0,4000.0,0.0063897763578270005,6951.0,591.6025942831037,4204064231.0,48809824.0,5425559.0,32810.0,0.006047303144247,19345.0,,669703084.0,14567908.0,717189.0,11921.0,0.016621838873713,10362.0,,,,,,,,,,,,,,,,1501905419.0,29467392.0,2000000.0,100000.0,0.05,4335.0,,7005259.0,0.3221887917641914,12845.0,121850.0,0.4910488124227555,1.7450999999999999,281.0,0.16666666666666666,28893177.0,0.3922411113806304,62758.0,447542.0,0.40717892605379163,0.7113,1158.0,2.786859803414382,26428750.0,0.23639873672714876,107846.0,294401.0,-0.08911145351823319,0.7258,1978.0,-0.09255960537133462,,,,,,,,,,,,,,,,,55275810.0,0.6940130456860119,124955.0,973538.0,0.8304781996393713,0.44680000000000003,1953.0,
157.85355555555554,0.13333333333333333,1183.9016666666666,2c2xVumHSP03b7Rpq01,احمد,http://youtube.com/channel/UChC_PEA7xXVJbcElLepxwsQ,,,,,https://www.tiktok.com/@ahmed_sabry211,EG,,,General Interest,0.0,,334890702.0,26676412.0,,,,1157.0,,,,,,,,,,,,,,,,,,,,,,,,,,,,,,478754718.0,24267093.0,,,,539.0,,0.0,,,0.0,,,,,,,,,,,,,,,,,,,,,,,,,,,,,,,,,,,,,28712783.0,-0.4206197915821693,625632.0,1446821.0,-0.31200179938305506,1.2779,30397.0,-0.4026284348864994
156.90896359471535,0.12345679012345678,1270.9626051171945,5oDBiR34203WnMAe01,jo,,,,,,https://www.tiktok.com/@jo123456ad1,,,,General Interest,,,,,,,,,,,,,,,,,,,,,,,,,,,,,,,,,,,,,,129790515.0,3334542.0,137200.0,-300.0,-0.002186588921282,2421.0,,,,,,,,,,,,,,,,,,,,,,,,,,,,,,,,,,,,,,,,,,2215797.0,-0.6971897978051083,79475.0,38870.0,-0.7635385869499094,0.7335,2162.0,-0.8205128205128205
156.83275066954081,0.12839506172839507,1221.4858465608465,2H3NeFWU5z03egEA301,3Fhd,,,,,,https://www.tiktok.com/@ue_v6,,,,General Interest,,,,,,,,,,,,,,,,,,,,,,,,,,,,,,,,,,,,,,50773973.0,2918561.0,54700.0,-600.0,-0.010968921389396001,102.0,,,,,,,,,,,,,,,,,,,,,,,,,,,,,,,,,,,,,,,,,,0.0,-1.0,,0.0,-1.0,,,
155.41363734783954,0.145679012345679,1066.8224258622884,4sbXMfFmy03NDwou01,قبل وبعد,,,,https://twitter.com/after_be4,,https://www.tiktok.com/@after_be4,,,,General Interest,0.0,,,,,,,,,,,,,,,,,,,,,,,10015691.0,87536.0,,,,263.0,,,,,,,,,484646303.0,7556269.0,498700.0,1400.0,0.0028072989773410004,508.0,,,,,,,,,,,,,,,,,,,,,,,,,,0.0,,,0.0,,,,,,,,,,,,,11001741.0,0.4279869180754665,317769.0,121102.0,0.5348990481501666,0.3568,3911.0,2.3846153846153846
155.19052291383878,0.28888888888888886,537.1979639325189,6euMFePed03RZuL801,نانا🐹*,,,,,,https://www.tiktok.com/@nanahappy_n,,,,Entertainment,,"Humour,Cosmetics,Cultural identity",,,,,,,,,,,,,,,,,,,,,,,,,,,,,,,,,,,,3791499877.0,118326766.0,3100000.0,100000.0,0.032258064516129004,3563.0,,,,,,,,,,,,,,,,,,,,,,,,,,,,,,,,,,,,,,,,,,149418703.0,0.35019332682616794,2707266.0,2700191.0,0.2522276481581962,0.5723,53455.0,
154.6674069719337,0.12345679012345678,1252.805996472663,2qfavoCBq03SrJCc01,Asharq Business اقتصاد الشرق,http://youtube.com/channel/UCxjpGbfoLy6oodYdiyzQE4g,https://www.facebook.com/102570761484258?brand_redir=DISABLE,http://instagram.com/asharqbusiness,https://twitter.com/AsharqBusiness,,https://www.tiktok.com/@asharqbusiness,AE,Saudi Research & Media Group,Media,General Interest,21045908.0,"Politics,Society,Television show",91324397.0,620769.0,178000.0,1000.0,0.005617977528089,9515.0,459.7151878190986,693328153.0,9230185.0,9407700.0,50828.0,0.005402808337850001,18392.0,,279656865.0,5602025.0,1091784.0,18164.0,0.016636990466978002,8652.0,,47371582.0,280112.0,544553.0,0.0,0.0,11021.0,,,,,,,,,958085514.0,16526624.0,1700000.0,0.0,0.0,9535.0,,315199.0,-0.23449867032580055,4219.0,4315.0,-0.36998101912687986,1.5915,83.0,-0.5,4579065.0,-0.6826713797971884,25774.0,122938.0,-0.6834154808073629,0.8448,677.0,-0.4104432689967853,16151644.0,-0.2550857246798509,40600.0,183041.0,-0.33945493782162783,0.5177,536.0,-0.5347216905290559,0.0,,,0.0,,,,,,,,,,,,,101508241.0,2.3909176083605024,56666.0,560770.0,0.13063254694251167,0.461,929.0,-1.0
154.29748080268126,0.11851851851851852,1301.884994272623,BnCYDsvwY9,Ahmad Aburob ,http://youtube.com/channel/UCQB9yZWLvcSNI9ruw74iF8Q,https://www.facebook.com/147908095766208?brand_redir=DISABLE,http://instagram.com/aburob,https://twitter.com/itsaburob,,https://www.tiktok.com/@aburob,JO,,,Education,32896907.0,"Entertainment,Film,Lifestyle,Food",2188012348.0,156628373.0,10100000.0,0.0,0.0,727.0,741.5704622854121,99399.0,4455.0,28463.0,-71.0,-0.0024944665003680004,104.0,,692119832.0,29067410.0,5300607.0,-2768.0,-0.0005222043437666667,173.0,,191886.0,20735.0,,,,19.0,,,,,,,,,358704906.0,28105198.0,3100000.0,0.0,0.0,171.0,,15401529.0,-0.4262886298975792,1488959.0,342620.0,-0.5859511992333414,4.5337,82355.0,-1.0,0.0,-1.0,,0.0,,,,,17495378.0,-0.22959881261702733,2559233.0,460570.0,-0.019304312275890263,0.9161,58379.0,-0.9956677516802098,0.0,,,0.0,,,,,,,,,,,,,2858043.0,-0.12245391110082171,564207.0,133154.0,-0.2118360147269477,1.786,34765.0,
153.77489996776782,0.09382716049382717,1638.9166970248937,3FmuNZzNU03b2ZJz01,RoOROo,,,,,,https://www.tiktok.com/@roo.roo_131_,,,,General Interest,,,,,,,,,,,,,,,,,,,,,,,,,,,,,,,,,,,,,,72174887.0,2304155.0,59800.0,-200.0,-0.003344481605351,633.0,,,,,,,,,,,,,,,,,,,,,,,,,,,,,,,,,,,,,,,,,,1682627.0,0.08902187005082582,86749.0,29076.0,0.39526848697154376,0.43470000000000003,1301.0,0.5
153.51374586981936,0.18024691358024691,851.6858503736553,4g2AvH1LDa03YvnHe01,⚔️🟩الُِرٍاجل رٍاجلُِ🟩⚔️,,,,,,https://www.tiktok.com/@arajl.rajl.2003,,,,General Interest,,,,,,,,,,,,,,,,,,,,,,,,,,,,,,,,,,,,,,535171948.0,28952947.0,2000000.0,0.0,0.0,561.0,,,,,,,,,,,,,,,,,,,,,,,,,,,,,,,,,,,,,,,,,,13166806.0,0.06401218100578956,1882254.0,634247.0,0.38405724361268473,1.0673,75080.0,
153.40025231240463,0.1728395061728395,887.5300312360554,2k2wpeZPpz03ZZ6MQ01,Ahmed ibrahim,,,,,,https://www.tiktok.com/@ahmed.ebrahim,,,,General Interest,,,,,,,,,,,,,,,,,,,,,,,,,,,,,,,,,,,,,,1019345130.0,36421858.0,600400.0,86900.0,0.14473684210526302,1612.0,,,,,,,,,,,,,,,,,,,,,,,,,,,,,,,,,,,,,,,,,,221663337.0,0.4221375714730299,777411.0,8460831.0,0.633855845501081,0.9651000000000001,25884.0,0.46771879483500717
152.95887166236002,0.1111111111111111,1376.6298449612402,Cr2K3RHFis03eTvKr01,مجد الدين,http://youtube.com/channel/UC-nckbSZ69vMqk-z2KP9o2g,,http://instagram.com/m919ss,,,https://www.tiktok.com/@m919ss,,,,General Interest,4305235.0,Music,1534274.0,17634.0,3390.0,0.0,0.0,121.0,,,,,,,,,64271082.0,2992116.0,89570.0,6230.0,0.069554538349893,515.0,,,,,,,,,,,,,,,,93795375.0,4797864.0,,,,388.0,,27.0,-0.3076923076923077,,0.0,-1.0,,,,,,,,,,,,4305208.0,-0.23269512573745932,135058.0,284062.0,-0.15130637426987945,1.9877,6684.0,-0.1128219750974242,,,,,,,,,,,,,,,,,0.0,,,0.0,,,,
152.83533846083645,0.18765432098765433,814.4514746926152,6HgVH49eR03YJ2Y201,ARABY,,,,,,https://www.tiktok.com/@x3rabyx,,,,General Interest,,,,,,,,,,,,,,,,,,,,,,,,,,,,,,,,,,,,,,98419280.0,6339052.0,162100.0,13150.0,0.081122763726095,371.0,,,,,,,,,,,,,,,,,,,,,,,,,,,,,,,,,,,,,,,,,,6650408.0,0.30998873084849954,221133.0,327555.0,0.4616596310542709,1.411,10764.0,0.5873015873015873
151.84902311155625,0.11604938271604938,1308.4862629825593,633E4w79KV03XePRT01,محمد لي - Mohammed Li,http://youtube.com/channel/UCVQ_ITes7zeyC5UCHz9WO9w,,http://instagram.com/scord.app,,,https://www.tiktok.com/@6q3c_,SA,,,General Interest,24013102.0,"Entertainment,Association football,Boxing,Sport,Mixed martial arts",710431170.0,17958565.0,428000.0,10000.0,0.023364485981308,839.0,520.3223509344161,,,,,,,,,,7485.0,-391.0,-0.052237808951235004,,,,,,,,,,,,,,,,,514959961.0,16661777.0,362300.0,5000.0,0.013800717637317002,835.0,,24013102.0,-0.4278697465106588,661434.0,457191.0,-0.4466547490955919,2.3998,19364.0,-0.5,,,,,,,,,,,,,,,,,,,,,,,,,,,,,,,,,13364978.0,-0.4961361325163022,798984.0,536169.0,-0.4806169410811968,1.085,29907.0,-0.6748466257668712
151.57405883249504,0.1728395061728395,876.9641975308642,5336Pxxydf03eubz201,رائد الزهراني🇸🇦,,,,,,https://www.tiktok.com/@raed_zh300,,,,General Interest,,,,,,,,,,,,,,,,,,,,,,,,,,,,,,,,,,,,,,184540972.0,9260962.0,345500.0,8650.0,0.025036179450072003,950.0,,,,,,,,,,,,,,,,,,,,,,,,,,,,,,,,,,,,,,,,,,2192003.0,-0.7059901211742888,233177.0,68172.0,-0.816333128576509,1.5032,12092.0,-0.9428571428571428
151.546907187384,0.1506172839506173,1006.1720887031232,2B2qxNvZxR03ZySxG01,omier.elsawaf,,,http://instagram.com/omier20,,,https://www.tiktok.com/@omier.elsawaf,,,,People & Blogs,0.0,,,,,,,,,,,,,,,,52242774.0,4160967.0,,,,113.0,,,,,,,,,,,,,,,,53197270.0,5491662.0,410300.0,-3450.0,-0.00840848159883,174.0,,,,,,,,,,,,,,,,,,0.0,,,0.0,,,,,,,,,,,,,,,,,,,,,356815.0,-0.5301133580206594,104620.0,36603.0,-0.5213980308319931,3.5639000000000003,12863.0,
151.43981919625526,0.22962962962962963,659.495986822402,zMu3OkkwmT,افيخاي أدرعي-  Avichay Adraee,http://youtube.com/channel/UCifQ8WDg0zpCItTeTWBHsNA,https://www.facebook.com/206134109437189?brand_redir=DISABLE,http://instagram.com/avichay_adraee,https://twitter.com/AvichayAdraee,,https://www.tiktok.com/@avichay.adraee,IL,,,People & Blogs,18532824.0,"Military,Religion,Society,Politics",66410783.0,1189829.0,115000.0,0.0,0.0,1913.0,489.3800158951302,928374422.0,28737620.0,3323535.0,19773.0,0.005949388226692,4888.0,,197486879.0,4504663.0,397719.0,-1975.0,-0.004965817574719001,2504.0,,26023137.0,374125.0,460358.0,0.0,0.0,2243.0,,,,,,,,,1005110772.0,16406465.0,1100000.0,-100000.0,-0.09090909090909001,1803.0,,703263.0,-0.5160070858143319,26075.0,12236.0,-0.44800830062705826,1.9054000000000002,606.0,-1.0,12595954.0,-0.4560014283253783,370025.0,364317.0,-0.5955646289314879,1.112,12735.0,-0.6188297556632704,5233607.0,-0.665288452012964,314915.0,78831.0,-0.7062457845332896,0.6547000000000001,5133.0,-0.9307156165896073,0.0,,,0.0,,,,,,,,,,,,,4324835.0,-0.47095648233924203,186464.0,68678.0,-0.22337189447139577,0.48550000000000004,3123.0,
