Cities,City name,Views,Watch time (hours),Average view duration
Total,,64014726,12018223.7516,0:11:22
0x3e2f03890d489399:0xba974d1c98e79fd5,Riyadh Saudi Arabia,3487104,693000.838,0:12:05
0x15c3d01fb1137e59:0xe059579737b118db,Jeddah Saudi Arabia,2747617,528104.4498,0:11:44
0x14583fa60b21beeb:0x79dfb296e8423bba,"Cairo, Cairo Governorate, Egypt",2360295,433253.8168,0:11:04
0xda7cd4778aa113b:0xb06c1d84f310fd3,"Casablanca, Morocco",1878049,342474.8964,0:10:59
0x151b5fb85d7981af:0x631c30c0f8dc65e8,"Amman, Jordan",1721129,332553.3097,0:11:44
0x145822cffcd270e7:0x98b73d687889fd8,"New Cairo City, Cairo Governorate, Egypt",1532782,285452.873,0:11:15
0x1458469235579697:0x4e91d61f9878fc52,"Giza, El Omraniya, Giza Governorate, Egypt",1323515,245220.0669,0:11:11
0x14f5c49126710fd3:0xb4e0cda629ee6bb9,"Alexandria, Alexandria Governorate, Egypt",1227856,225381.3635,0:11:05
0x3e361d32276b3403:0xefd901ec7a5e5676,Dammam Saudi Arabia,1206077,235034.139,0:11:52
0x128fad6795639515:0x4ba4b4c9d0a7e602,"Algiers, Algeria",962918,167434.2355,0:10:30
0x12fd337f5e7ef543:0xd671924e714a0275,"Tunis, Tunisia",886175,180865.3508,0:12:18
0xdafee8d96179e51:0x5950b6534f87adb8,"Marrakesh, Morocco",797080,144080.4294,0:10:53
0x3e5f43496ad9c645:0xbde66e5084295162,Dubai - United Arab Emirates,771100,155955.2043,0:12:14
0x15577f67a0a74193:0x9deda9d2a3b16f2c,"Baghdad, Baghdad Governorate, Iraq",733228,128996.4384,0:10:41
0x3e5e440f723ef2b9:0xc7cc2e9341971108,Abu Dhabi - United Arab Emirates,657066,131473.0594,0:12:08
0x15bdbe5197d220d5:0x2e54514fea3b08d9,Madinah Saudi Arabia,574426,111838.7225,0:11:54
0x1518e6dc413cc6a7:0x6b9f66ebd1e394f2,"Damascus, Syria",535533,91679.6227,0:10:24
0x1603dbd54684f731:0xa46b957a1482ac73,"Sanaa, Yemen",531863,80640.3302,0:09:25
0x3fcf7621ccb0f409:0xd67b8473125207f7,"Salmiya, Kuwait",512716,100653.9315,0:11:55
0x3e91ffa8879aafc9:0xdb53876d0d79a72c,"Muscat, Oman",509716,92521.0546,0:11:06
0xd0b875cf04c132d:0x76bfc571bfb4e17a,"Tangier, Morocco",493560,90257.4315,0:11:01
0x3e45c534ffdce87f:0x44d9319f78cfd4b1,"Doha, Qatar",460566,90288.1453,0:11:54
0xd9f8b484d445777:0x10e6aaaeedd802ef,"Fes, Morocco",447153,79047.0938,0:10:38
0x47e66e1f06e2b70f:0x40b82c3688c9460,"Paris, France",397200,74198.2394,0:11:17
0x145855e126df199d:0x24a6cf9d2fda5678,"th of October City, Giza Governorate, Egypt",385218,71364.2768,0:11:11
0xdb3b6e9daad1cc9:0xbcf8d0b78bf48474,"Agadir , Morocco",382957,68390.5236,0:10:45
0x14caa7040068086b:0xe1ccfe98bc01b0d0,"Istanbul, İstanbul, Türkiye",382763,70925.032,0:11:13
0xd7e8854841f537d:0x4187f63762f7290f,"Oran, Algeria",341092,56695.1911,0:10:02
0xda76b871f50c5c1:0x7ac946ed7408076b,"Rabat, Morocco",338795,61793.0716,0:10:58
0x4cc91a541c64b70d:0x654e3138211fefef,"Montreal, QC, Canada",335961,61445.6109,0:11:01
0x12f3159c5fcafc4b:0xb063cfbbd3cadcd5,"Setif, Algeria",331306,59120.6033,0:10:47
0x14f8075f7c0ecadb:0xc54596c9cf9f7c82,"th of Ramadan City, Al-Sharqia Governorate, Egypt",306076,54900.3953,0:10:50
0x14f7c95daafcf035:0x7421820c5e8cae42,"Tanta, Tanta Qism , Tanta, Gharbia Governorate, Egypt",302378,54090.3917,0:10:48
0x12f17717c4785627:0x25fb307fd08801a,"Constantine, Algeria",278735,49104.0939,0:10:37
0x47d8a00baf21de75:0x52963a5addd52a99,"London, UK",273449,51730.2128,0:11:26
0x145816ccdb899131:0x3ccf8e32cabbdd20,"Nozha , Berket an Nasr, Al Salam First, Cairo Governorate, Egypt",261376,48079.3819,0:11:07
0x14f79db7a9053547:0xf8dab3bbed766c97,"Mansoura, Mansoura Qism , El Mansoura, Dakahlia Governorate, Egypt",257599,46044.586,0:10:46
0x3e5f5f5fede7964b:0x2a830aa19c1f6d89,Sharjah - United Arab Emirates,254820,50234.6842,0:11:56
0x151f17215880a78f:0x729182bae99836b4,"Beirut, Lebanon",249335,45102.7038,0:11:00
0xda7695fc6d0ea0b:0xc54575dea3dd9353,"Salé, Morocco",228295,42256.7909,0:11:08
0x47a84e373f035901:0x42120465b5e3b70,"Berlin, Germany",227683,43230.4148,0:11:28
0x13a892c4c11c43d9:0x8d99d8947b5cec86,"Tripoli, Libya",225233,42314.4466,0:11:21
0x3fcf9c4893abb7b5:0xb0f3c7a3f62e3c40,"Jabriya, Kuwait",224729,43328.7817,0:11:42
0x15c21b4ced818775:0x98ab2469cf70c9ce,Makkah Saudi Arabia,221801,42032.4389,0:11:32
0x12f41195bf2f909f:0x6e22f706efc7d3c0,"Batna, Algeria",218473,38573.2825,0:10:39
0x89c24fa5d33f083b:0xc80b8f06e177fe62,"New York, NY, USA",211863,39326.1209,0:11:15
0x4786c1493f1275e7:0x3cffcd13c6740e8d,"Milan, Metropolitan City of Milan, Italy",186145,34112.1646,0:11:05
0x151ce0f650425697:0x7f0ba930bd153d84,Nablus,179700,32405.0019,0:10:56
0x151d4ca6193b7c1f:0xc1fb72a2c0963f90,"Tel Aviv-Yafo, Israel",175355,33445.2309,0:11:33
0xda044d23bfc49d1:0xfbbf80a99e4cde18,"Meknes, Morocco",174519,30722.5103,0:10:35
0x14f7d68b68933ea3:0x77434af2db2fa06f,"Shebeen El-Kom, Qism Shebeen El-Kom, Shibin el Kom, Menofia Governorate, Egypt",173624,30731.2788,0:10:41
0x145287b2cd3dbbb3:0x2db807f98bd3c360,"Hurghada, Red Sea Governorate, Egypt",169070,30760.6016,0:10:59
0x3fc49771852a1535:0xb8d22927274bd410,"Basrah, Basra Governorate, Iraq",167988,28966.3023,0:10:28
0x89d4cb90d7c63ba5:0x323555502ab4c477,"Toronto, ON, Canada",165594,29574.019,0:10:47
0xe96526c16ece9bd:0x270005bd53c1e1f9,"Nouakchott, Mauritania",157398,24275.3014,0:09:21
0x47bd096f477096c5:0x422435029b0c600,"Frankfurt am Main, Germany",156117,30017.8958,0:11:37
0xda7575f8a6d8643:0xc7050653c05e128b,"Kenitra, Morocco",155039,27813.809,0:10:47
0x14585a29f1b324d9:0xc5c5525706430b8d,"El Sheikh Zayed City, Giza Governorate, Egypt",143192,25525.2172,0:10:46
0x145875f6592ee989:0xa0f7a3872335c0ce,"Banha, Qism Banha, Banha, Al-Qalyubia Governorate, Egypt",139304,25037.8395,0:10:50
0x1458313608dc5a35:0x1954e70bfb02ee70,"th of May City,  May City, Cairo Governorate, Egypt",138242,25533.1915,0:11:09
0x14f66baf0955e18f:0x9a76aa92d2843067,"Damanhour, Naqraha, Damanhour, Beheira Governorate, Egypt",137692,24357.961,0:10:40
0x125d6b8578c4bca9:0x63c3e82d2c9a71d,"Ouargla, Algeria",137372,24084.5395,0:10:35
0x3e49af722776a62d:0x8b6738a6070f60c2,"Manama, Bahrain",136752,25155.0828,0:11:11
0x128f0c66865a4cd1:0xccfcf9c073646dfe,"Blida, Algeria",133938,22682.2511,0:10:13
0x13002cda1486c695:0x22dfe0a62c50ce6f,"Sfax, Tunisia",124326,24657.7525,0:11:58
0x12f007bb034e7571:0x28fddce8b255b712,"Annaba, Algeria",123039,21005.9498,0:10:16
0x145854716a316c0f:0xaa429dc9eef040ae,"October Gardens, Giza Governorate, Egypt",121897,22561.0089,0:11:09
0x144f59375b0e09f1:0xa33bfcf664c5f2fe,"Sohag, El-Khouly, Sohag , Sohag Governorate, Egypt",118572,20681.3958,0:10:32
0xd7864984106d6ef:0x1d86b33244c4650,"Oujda, Morocco",118481,21402.535,0:10:52
0x14581ab73d4ca47d:0x89e1c92d1d007f67,"Al Obour City, Obour, Al-Qalyubia Governorate, Egypt",117279,21800.5367,0:11:13
0xda7129ada04c2fb:0x35aeb81f6b145b90,"Temara, Morocco",117036,21163.3188,0:10:52
0x14f7bb4d2aa1877b:0x6b9caf7bbe867370,"El-Mahalla El-Kubra, Al Mahalah Al Kubra (Part ), El Mahalla El Kubra, Gharbia Governorate, Egypt",114244,20593.3639,0:10:52
0x1459792fa8bf0013:0xa698b3d528236f63,"Faiyum, Qesm Al Fayoum, First Al Faiyum, Faiyum Governorate, Egypt",108749,18786.9634,0:10:26
0x13831c55479eee2b:0xe497dfce76d293e0,"Benghazi, Libya",107359,19630.459,0:11:05
0x14f7ab78f233021f:0xc2cdebb004a208f8,"Kafr El-Shaikh, Qism Kafr El-Shaikh, Kafr el-Sheikh, Gharbia Governorate, Egypt",106530,18603.5371,0:10:33
0x6b129838f39a743f:0x3017d681632a850,"Sydney NSW, Australia",105114,19554.5013,0:11:14
0x14f85956191e10b9:0x3b0933775b0f5b95,"Ismailia, Ismailia Governorate, Egypt",101905,18445.4492,0:10:55
0x476d079e5136ca9f:0xfdc2e58a51a25b46,"Vienna, Austria",101313,20046.707,0:11:58
0x12f17262431fb97d:0x8d872fd9c9dcb7c6,"El Khroub, Algeria",99729,17326.5198,0:10:31
0x14450be607cb7bcd:0xba699162bfc01112,"Asyut, Al Hamraa Ath Thaneyah, El Fateh, Assiut Governorate, Egypt",97918,17033.2607,0:10:30
0x144eb62eb4d2496f:0x50f240bdb670aa01,"Qena, Qism Qena, Qena, Qena Governorate, Egypt",96064,17191.2291,0:10:45
0x4cce05b25f5113af:0x8a6a51e131dd15ed,"Ottawa, ON, Canada",93684,16811.367,0:10:48
0x479e75f9a38c5fd9:0x10cb84a7db1987d,"Munich, Germany",92377,17887.0094,0:11:42
0x14f79deae75f6ddd:0x17c2353b8542ed62,"Talkha, Talkha City, Talkha, Dakahlia Governorate, Egypt",91159,16039.0113,0:10:36
0xd0b425de2c14849:0x43258dbd024e7abc,"Tetouan, Morocco",90977,16094.0035,0:10:39
0x47b161837e1813b9:0x4263df27bd63aa0,"Hamburg, Germany",90971,17731.4434,0:11:46
0x145b2501ca8ed45f:0x1682970743a18080,"Minya, Qism Minya, Minya, Minya Governorate, Egypt",89596,15517.1904,0:10:29
0x465f763119640bcb:0xa80d27d3679d7766,"Stockholm, Sweden",89124,17417.2866,0:11:46
0x47c63fb5949a7755:0x6600fd4cb7c0af8d,"Amsterdam, Netherlands",88510,16751.2821,0:11:25
0x3e5f5764dd8fbe79:0xcda090de6445a819,Ajman - United Arab Emirates,88453,17660.5478,0:12:06
0x40079464db1a88b9:0x9745d74edd0f0930,"Mosul, Nineveh Governorate, Iraq",87972,13995.9011,0:09:42
0x15596be147b8cdc9:0xf6c5daaaaea111f0,"Karbala, Karbala Governorate, , Iraq",87015,14331.5432,0:10:00
0x1502d54cda2d58d1:0xbf6d4d17cc8b2c76,Ramallah,84706,15248.4667,0:10:53
0x155ed0ac9b7a8261:0xb989aee40be1b8f0,"Najaf, Najaf Governorate, Iraq",84448,13887.1485,0:10:00
0x3e8ab145cbd5a049:0xf56f8cea5bf29f7f,Al Ain - Abu Dhabi - United Arab Emirates,83782,16337.0036,0:11:52
0x14f7f044ed84e6db:0xc970f35c23cfc0a3,"Zagazig, El-Hariry, Zagazig , Al-Sharqia Governorate, Egypt",82739,14725.4773,0:10:43
0x3e8de4daf5c89133:0x7f4a7b444944e42e,"Seeb, Oman",81386,15174.9953,0:11:22
0xd422997800a3c81:0xc436dec1618c2269,"Madrid, Spain",81243,14228.0826,0:10:35
0x400722fe13443461:0x3e01d63391de79d1,"Erbil, Erbil Governorate, Iraq",81164,13847.0547,0:10:21
0x145a2431941dec1f:0x3fe3ed5dbea0e40,"New Bani Sewif City, New Bani Suef, Beni Suef Governorate, Egypt",80127,13750.3627,0:10:24
0xd7e6327b5bf40fd:0x546592a00a2014d5,"Bir El Djir, Algeria",79407,13435.9249,0:10:11
0x130275759ac9d10d:0x698e3915682cef7d,"Sousse, Tunisia",76746,15066.9455,0:11:53
0x161c692afdf672bb:0x800766c2f9603088,"Taizz, Yemen",76148,10771.8831,0:08:50
0x1687327eaa8b8055:0xf2217682a2aa3eab,"Atbara, Sudan",75711,12708.6743,0:10:04
0x1456257838ae4111:0x1f0a056a97ea1bc0,"Suez, Suez Governorate, Egypt",74370,13346.396,0:10:50
0x1502e6a7d695b0ed:0x515b17caf43e90a5,Kiryat Arba,71115,12797.1087,0:10:53
0x14f99c3e939e6b99:0x4cae04550f7d4cb3,"Port Said, Port Fouad City, Port Said Governorate, Egypt",70924,12686.9996,0:10:48
0xda38649419c7fc1:0x6236b3e9a12bafd9,"Beni-Mellal, Morocco",68525,11745.3776,0:10:19
0x15e3546315720931:0xa177558c718919b4,Abha Saudi Arabia,67650,13103.2724,0:11:50
0x15a9ad0594132365:0x6f40e3c6b6139acf,Tabuk Saudi Arabia,67134,13019.0251,0:11:46
0x47bf259169ab2fe5:0x42760fc4a2a77f0,"Cologne, Germany",67090,12668.014,0:11:25
0x880e2c3cd0f4cbed:0xafe0a6ad09c0c000,"Chicago, IL, USA",63790,12087.7404,0:11:28
0x144915cf52cd95cd:0xe0f5dd2b8b1c0e96,"Luxor, Luxor City, Luxor, Luxor Governorate, Egypt",63640,11174.4725,0:10:35
0x6ad646b5d2ba4df7:0x4045675218ccd90,"Melbourne VIC, Australia",63451,12000.5896,0:11:25
0x1558e2ff01db52b9:0xa59de3214124678b,"Hillah, Babylon Governorate, Iraq",62838,10377.5669,0:10:02
0x14f9e3aa061a85f1:0x3be9ad5a57d69924,"New Damietta City, Damietta El-Gadeeda City, New Damietta, Damietta Governorate, Egypt",62834,11152.1089,0:10:45
0x3e49e839e8ef58d9:0xef778812d8b6aad1,Al Khobar Saudi Arabia,60450,11934.6038,0:12:01
0x14f77b4e4a1e5cb1:0x6569d088dea10882,"Shirbin, Sherbeen City, Shirbin, Dakahlia Governorate, Egypt",59852,10434.4208,0:10:32
0x3e35a06654d8187d:0x210bf5bd13d2288f,Al Jubail Saudi Arabia,59317,11572.2827,0:11:52
0x80c2c75ddc27da13:0xe22fdf6f254608f4,"Los Angeles, CA, USA",59223,10999.7561,0:11:13
0x14367b5ab1a30e5f:0xfb109fe337cabccb,"Aswan, Aswan Governorate, Egypt",58515,10424.6712,0:10:45
0x161e1cd6515ec22f:0x945fb3c323696fe9,"Aden, Yemen",57207,8086.8779,0:08:51
0x537170039f843fd5:0x266d3bb1b652b63a,"Calgary, AB, Canada",55199,9990.7859,0:10:55
0xda91dc1b421fe47:0x307cf87fb6b01a1f,"El Jadida, Morocco",54632,9645.1548,0:10:37
0xdf59f70736ee01d:0x2f2574118e60fbea,"Adrar, Algeria",54403,9401.0375,0:10:26
0x3fdde2c4e3571081:0xf079d723024bdaac,"Nasiriyah, Dhi Qar Governorate, Iraq",54373,8747.923,0:09:49
0x15fb59f55be15577:0xf881b6e9400f9287,Khamis Mushait Saudi Arabia,52897,9643.2254,0:11:14
0x8640b8b4488d8501:0xca0d02def365053b,"Houston, TX, USA",52632,9933.8597,0:11:25
0x152ff813b98135af:0x967e5e5fc542c32a,"Aleppo, Syria",52485,8504.597,0:09:54
0x47b8c97bf1465907:0x42760fc4a2a73b0,"Düsseldorf, Germany",52407,9866.69,0:11:23
0x151c76916dac0453:0x5416e113d81f7d82,"Irbid, Jordan",51175,9779.9232,0:11:39
0x161ce965295549bb:0x175d4cebb3c8c622,"Ibb, Yemen",50539,6894.7953,0:08:39
0x161e027a1c9ba233:0x84b0b88a326b25e,"Shaykh Uthman, Yemen",50457,7197.2393,0:09:01
0x47b8c2b796abf639:0x6a00e111a4ad2c9d,"Essen, Germany",49843,9636.1869,0:11:41
0x1262e24aa3eed9cb:0xa10bf3f60d5a9ac2,"Laghouat, Algeria",49797,8825.7716,0:10:41
0x145849d638aa88b7:0x23abee6109b09202,"Al-Hawamidiyya, El Hawamdeya, Giza Governorate, Egypt",49729,8821.4442,0:10:42
0x1457f7d7c85c1e63:0xa16c80a505d27145,"Al Shorouk City, El Shorouk, Cairo Governorate, Egypt",49446,9282.3632,0:11:18
0x47b00b514d494f85:0x425ac6d94ac4720,"Hanover, Germany",49402,9456.7597,0:11:33
0x882b469fe76b05b7:0x3146cbed75966db,"Mississauga, ON, Canada",47236,8362.2187,0:10:41
0x14f639007fb2dbd7:0x736e2099fe3100bc,"Itay Al Barud, Atay Al Baroud, Itay El Barud, Beheira Governorate, Egypt",47210,8047.1251,0:10:17
0x4799db34c1ad8fd3:0x79d5c11c7791cfe4,"Stuttgart, Germany",47063,9091.89,0:11:39
0x128dc7dfbffd090b:0x27cd9a20dc200804,"Tizi Ouzou, Algeria",46898,7972.4112,0:10:14
0x3fcf9c83ce455983:0xc3ebaef5af09b90e,"Kuwait City, Kuwait",46200,9051.9074,0:11:45
0x47c3f68ebfc3887d:0x3eaf448482a88ab8,"Antwerp, Belgium",45800,8373.8516,0:11:04
0x47c5b7605f54c47d:0x5229bbac955e4b85,"Rotterdam, Netherlands",45753,8360.0643,0:11:06
0x464f8e67966c073f:0x4019078290e7c40,"Gothenburg, Sweden",45486,9128.4716,0:12:07
0xc3772c616b079c9:0x9bea0d2b555fce5f,Laayoune,44712,7933.4906,0:10:42
0x47f4ea516ae88797:0x408ab2ae4bb21f0,"Lyon, France",42704,7975.4343,0:11:17
0x12f2cca1a82082c5:0x7807b41e13330b6e,"Béjaïa, Algeria",42504,7197.7528,0:10:11
0x157f586683817b77:0x5853c1dee3598a61,Buraydah Saudi Arabia,41888,7874.0379,0:11:35
0x1554d6034577edc9:0x5890c4555c9da475,"Kirkuk, Kirkuk Governorate, Iraq",41304,6638.0547,0:09:48
0x168e8bf303b5ade3:0xffa2d3531b1ae48f,"Omdurman, Sudan",41295,6425.2358,0:09:38
0x4cc92107b4dfda6b:0x2eb4b26fe333c419,"Laval, QC, Canada",41133,7443.8183,0:10:54
0x48670e80ea27ac2f:0xa00c7a9973171a0,"Dublin, Ireland",40841,7862.5206,0:11:37
0x1289cf849a042189:0x932d40794d27fbba,"Djelfa, Algeria",40716,7138.9876,0:10:34
0x1558a8cb75ff624b:0x3d123dc7dd80dbdc,"Al Diwaniyah, Al-Qādisiyyah Governorate, Iraq",40024,6519.6439,0:09:52
0x12f1c59c2432db4d:0x9406fc7f06be65d7,"Skikda, Algeria",39638,6774.4984,0:10:15
0x15e98eccb0a33f2f:0xfa3fe5e1341fa2a7,Taif Saudi Arabia,39429,7320.5855,0:11:17
0x12840e802595ec23:0x343dccf4a3049e3e,"Chlef, Algeria",39133,6292.856,0:09:47
0x89c6b7d8d4b54beb:0x89f514d88c3e58c1,"Philadelphia, PA, USA",38505,7333.0248,0:11:30
0x145b2b915c8d4ae7:0xc837bc518b708e3e,"Al Madinah Al Fikriyyah, Madinet Al Fekreyah (Include Monshaat Al Fekr), Abu Qirqas, Minya Governorate, Egypt",38443,6331.7392,0:09:54
0x465305a574c491ff:0xd3a905dfbd4888e5,"Malmö, Sweden",37964,7537.0339,0:11:57
0x31cc49c701efeae7:0xf4d98e5b2f1c287d,"Kuala Lumpur, Federal Territory of Kuala Lumpur, Malaysia",37758,7242.3885,0:11:36
0x8824ca0110cb1d75:0x5776864e35b9c4d2,"Detroit, MI, USA",37670,6751.363,0:10:54
0x157646e696d0faa3:0xa823a286278a8880,Hail Saudi Arabia,37578,7161.8636,0:11:51
0x47a6f818200f2c73:0x93df80d2b9b4f552,"Leipzig, Germany",37552,7430.257,0:11:56
0x14f7c1c2deeced23:0xc3b43fe0733da735,"Mit Ghamr, Madinet Mit Ghamr (Include Daqados), Mit Ghamr, Dakahlia Governorate, Egypt",37468,6591.8005,0:10:41
0x12a49816718e30e5:0x44b0fb3d4f47660a,"Barcelona, Spain",37404,6588.0106,0:10:38
0x128fb03e932164f9:0xb760f1cc8569076a,"Chéraga, Algeria",37016,6116.9248,0:09:59
0x12e2cb4e31471bf3:0x65bc5efbce842198,"Ariana, Tunisia",36701,7151.0593,0:11:44
0x1628bf87108c7219:0x61638d9da9bd62d2,"Hargeisa, Somalia",36576,5213.9335,0:08:38
0x14f67cf6df356aa3:0xfe3af91a6f80312a,"Idku, Edku, Beheira Governorate, Egypt",36099,6122.8091,0:10:13
0x14d347d520732db1:0xbdc57b0c0842b8d,"Ankara, Türkiye",35581,6507.5084,0:11:05
0x3fcf9a2cf1ac1041:0x16c093aafe95e88a,"Al Farwaniyah, Kuwait",35265,6904.4253,0:11:48
0x40aa8682cb317bf5:0x400a01269bf5e60,"Sofia, Bulgaria",35145,6727.2356,0:11:29
0x3dd3df964481c879:0xa5e758c7c82eb314,"Salalah, Oman",35064,6577.4255,0:11:33
0x15d75379b5ebc5d1:0xd2f46c47736fe744,"Port Sudan, Sudan",34857,5817.0602,0:10:07
0x4652533c5c803d23:0x4dd7edde69467b8,"Copenhagen, Denmark",34306,6758.8566,0:11:54
0x1259110e27dc0d5b:0x18e06c3aaedd4496,"El Oued, Algeria",34186,6063.1784,0:10:42
0x132f6196f9928ebb:0xb90f770693656e38,"Rome, Metropolitan City of Rome Capital, Italy",34156,6384.3022,0:11:15
0x47b91760bff07a11:0x427f28131548750,"Dortmund, Germany",33931,6480.1999,0:11:30
0x46b54afc73d4b0c9:0x3d44d6cc5757cf4c,"Moscow, Russia",33605,6256.8054,0:11:17
0x3d58425955ce6b53:0xbb20eaaa52cc59d9,"Mogadishu, Somalia",33476,4722.5476,0:08:34
0x12f509d451b5c1d1:0xfcee8b9bcabf4290,"Biskra, Algeria",33408,5812.406,0:10:29
0x130212b61d744f59:0xf284743e1d3e40ef,"Monastir, Tunisia",33374,6662.8163,0:11:59
0x89e3652d0d3d311b:0x787cbf240162e8a0,"Boston, MA, USA",33125,6117.1393,0:11:08
0x4870942d1b417173:0xca81fef0aeee7998,"Birmingham, UK",32840,6252.9403,0:11:30
0x53a0224580deff23:0x411fa00c4af6155d,"Edmonton, AB, Canada",32562,5858.656,0:10:50
0xd78c9b8f6b4ef59:0x576b9d7ddfa0780,"Tlemcen, Algeria",32350,5304.2575,0:09:52
0x12c9bf4344da5333:0x40819a5fd970220,"Marseille, France",32223,5988.0013,0:11:13
0x1531e6b4f7f18c2f:0xc02e8b35116baad0,"Gaziantep, Türkiye",32121,5725.9226,0:10:52
0xd77a7f62be6e41b:0x6f1a80a88febeae,"Nador, Morocco",31847,5416.1806,0:10:15
0x3e49ad75c46ba1fd:0x2b50cd9b5b8d9602,"Riffa, Bahrain",31576,5937.8138,0:11:20
0x1502d7d634c1fc4b:0xd96f623e456ee1cb,"Jerusalem, Israel",31286,5841.5533,0:11:21
0x47c2d579b3256e11:0x40af13e81646360,"Lille, France",31169,5874.3101,0:11:20
0x14456d661dc6d387:0x7fcdd6a0a63d7874,"New Asyout City, Asyut Desert, Asyut Al Gadida City, Assiut Governorate, Egypt",31062,5138.4051,0:10:02
0x14f594e8cca956c9:0x29a8d4a2ac2f2ecf,"Hannoville, Al Agamy Al Bahri, Dekhela, Alexandria Governorate, Egypt",30918,5534.445,0:10:51
0x14ca1582d8d45695:0x61a00555fc973392,"Bursa, Türkiye",30815,5689.3364,0:11:11
0x14f7fe94da65427b:0x95013a10b0a6ad3,"Bilbeis, Belbes, Bilbeis, Al-Sharqia Governorate, Egypt",30574,5497.798,0:10:50
0x14587e662f9e048d:0x75267884cf57bb9b,"Menouf, Madinet Menuf, Menouf City, Menofia Governorate, Egypt",30321,5419.5595,0:10:46
0x14f7cbb749591b7f:0xe38f45c87607546,"Mahallat Marhum, Mahalat Marhoum WA Hessateha, Tanta, Gharbia Governorate, Egypt",30213,5382.3751,0:10:45
0x12aebb6fec7552ff:0x406f69c2f411030,"Toulouse, France",29901,5686.0533,0:11:26
0x47c3a4ed73c76867:0xc18b3a66787302a7,"Brussels, Belgium",29755,5566.2338,0:11:14
0x47900b9749bea219:0xe66e8df1e71fdc03,"Zürich, Switzerland",29075,5552.853,0:11:35
0xda6055da9429e99:0x3f8d5e95dedefa12,"Settat, Morocco",28982,5099.6564,0:10:34
0x479f57aeb5b61cd3:0xdd5daf85a98c21b7,"Nuremberg, Germany",28547,5575.2754,0:11:47
0x13029895efbdd3d3:0x2e5d60d1569ce4fe,"Nabeul‎, Tunisia",28369,5525.0239,0:11:41
0x864c19f77b45974b:0xb9ec9ba4f647678f,"Dallas, TX, USA",28201,5511.6705,0:11:47
0x40002c0536d143b1:0xf791750d4e215dea,"Sulaymaniyah, Kurdistan Region, Iraq",28046,4492.8032,0:09:44
0x13a8e8df71c33819:0x64900f67fa60ecd,"Janzur, Libya",27967,5507.7835,0:11:52
0x14f9e413fb087ceb:0xe615226860f5fa2c,"Kafr Al Battikh, Madinet Kafr Al Battikh, Kafr El Battikh, Damietta Governorate, Egypt",27206,4757.5079,0:10:29
0x3fe3b8b77b5efbd3:0x9aced5be45b6755f,"Kut, Wasit Governorate, Iraq",26506,4196.0915,0:09:37
0x3e3796e30ed2df5b:0x2340faa9012370cd,Al Hofuf Saudi Arabia,26192,5075.8357,0:11:48
0x89c803aed6f483b7:0x44896a84223e758,"Baltimore, MD, USA",25930,4973.3943,0:11:35
0x14533bca3624d2e3:0xdd987e9c1945fd9c,"Sharm El-Sheikh, Sharm El Sheikh , South Sinai Governorate, Egypt",25811,4631.4462,0:10:54
0x144f5cdd237a0adb:0xc5dba76723ce4a9,"Akhmim, Sohag Governorate, Egypt",25562,4331.2344,0:10:13
0x3fcf9c8ce8db396d:0x6747a130779f0bc0,"Hawally, Kuwait",25433,4867.4999,0:11:30
0x1458be390cb38497:0x583415d49bffadbe,"El Sadat City, Menofia Governorate, Egypt",25418,4520.4974,0:10:41
0x12f30ae0a7f2a177:0x51143cf7a9eb245a,"El Eulma, Algeria",25281,4309.84,0:10:16
0xda427fa6cc01abd:0x81e42d2370814027,"Khouribga, Morocco",25261,4221.0073,0:10:03
0x548673f143a94fb3:0xbb9196ea9b81f38b,"Vancouver, BC, Canada",25247,4642.4823,0:11:05
0x14584feb830d4c3b:0xf4c7238eac24d083,"Pyramids Gardens, Al Haram, Giza Governorate, Egypt",25202,4583.2286,0:11:05
0x12f2607b906c8443:0xbd2f0be4585c67dc,"Jijel, Algeria",25126,4105.9542,0:09:49
0x80859a6d00690021:0x4a501367f076adff,"San Francisco, CA, USA",24955,4567.2316,0:11:07
0x3fe7eb23f8f9f7db:0xab6a556afbaa1ebd,"Amarah, Maysan Governorate, Iraq",24581,3873.0857,0:09:32
0x14f81c87f679baf3:0x9f1f003e86d777ee,"Abu Hammad, Kafr Al Azzazi, Abu Hammad, Al-Sharqia Governorate, Egypt",24477,4362.554,0:10:46
0x151cfed5525459a7:0x8af2eaf8c123e9a4,Jenin,24441,4278.7416,0:10:36
0x4cb8968a05db8893:0x8fc52d63f0e83a03,"Québec City, QC, Canada",24373,4616.5602,0:11:23
0x487a4d4c5226f5db:0xd9be143804fe6baa,"Manchester, UK",24036,4639.7364,0:11:39
0x1286d1cfd38bba5f:0x91801a2735466950,"Tiaret, Algeria",23783,3902.1682,0:09:53
0x4797cc24518e3f45:0xb1e4fe7aa406e687,"Mannheim, Germany",23077,4417.5977,0:11:33
0x3e45da293b7eb755:0x7c54c80836ecce25,"Ar-Rayyan, Qatar",22886,4490.3133,0:11:51
0xd7f0030b5f78f73:0x24600b519acfdc29,"Sidi Bel Abbès, Algeria",22885,3696.2491,0:09:43
0x47b9bac399f760df:0x21eb4ca77bf328eb,"Münster, Germany",22856,4322.4031,0:11:25
0x151b658f76dbb883:0x6dbb13eec3c7a1f1,"Zarqa, Jordan",22757,4358.5734,0:11:36
0x13a14dba4140b635:0x3d4b74a350ff4c69,"Misrata, Libya",22629,4287.5623,0:11:27
0x3fcf08824fe79559:0x34691e9d959eee0f,"Mangaf, Kuwait",22410,4535.4056,0:12:15
0x14f9e55ffce10e15:0x99ae0f78405c14d2,"Damietta, Qism Damietta, Damietta Desert, Damietta Governorate, Egypt",22026,3917.7124,0:10:45
0x164b85cef5ab402d:0x8467b6b037a24d49,"Addis Ababa, Ethiopia",21734,3124.9796,0:08:42
0x15288f38a79c7193:0xd61674d8580bea06,"Adana, Reşatbey, Seyhan/Adana, Türkiye",21504,3868.2684,0:10:55
0x145fed7114126dcf:0xd7a9f3cecc09f95d,"Marina El Alamein, El Alamein, Marsa Matrouh Governorate, Egypt",21186,3854.9527,0:10:55
0x1457f0bcec3249d1:0x1fc53fbd73e2c4ac,"Badr City, Badr, Cairo Governorate, Egypt",20832,3839.6773,0:11:07
0x14fdd350ea3dffa3:0x68343b437a6173d8,"Arish, Qesm Thaleth Al Arish, North Sinai Governorate, Egypt",20485,3550.8122,0:10:27
0x3e35ff3ffd2e5c95:0x617ae1e5dbc232f9,Al Qatif Saudi Arabia,20302,3822.0188,0:11:27
0x47c5b72f4298bd71:0x400de5a8d1e6c10,"The Hague, Netherlands",19804,3747.5017,0:11:22
0x80d9530fad921e4b:0xd3a21fdfd15df79,"San Diego, CA, USA",19488,3658.6004,0:11:18
0x40b1f93abf3cad4f:0xac0632e37c9ca628,"Bucharest, Romania",19409,3855.2173,0:11:59
0x882ef20ea88d9b0b:0x28c7d7699a056b95,"London, ON, Canada",19323,3476.9312,0:10:50
0x5490102c93e83355:0x102565466944d59a,"Seattle, WA, USA",19241,3779.3986,0:11:50
0x4796c8495e18b2c1:0x971a483118e7241f,"Strasbourg, France",19116,3593.0303,0:11:20
0x471ecc669a869f01:0x72f0be2a88ead3fc,"Warsaw, Poland",19078,3778.954,0:11:56
0x3ef676ad264b24c1:0x10f6affe1a9e78a3,Ras Al-Khaimah - Ras Al Khaimah - United Arab Emirates,18709,3528.1694,0:11:29
0x15564b021bdd9cb1:0xaa6c15e010a6036,"Baqubah, Diyala Governorate, Iraq",18700,2968.0262,0:09:41
0x470b939c0970798b:0x400af0f66164090,"Prague, Czechia",18619,3929.7484,0:12:41
0x883889c1b990de71:0xe43266f8cfb1b533,"Columbus, OH, USA",18485,3480.5691,0:11:21
0x145a340242dd5eed:0x2cef8a2c6170015b,"Biba, Madinet Beba, Biba, Beni Suef Governorate, Egypt",17855,2972.9373,0:09:59
0x1526ac2d61d4607d:0x8e325bf8a14195de,"Latakia, Syria",17854,2849.0477,0:09:38
0x14f6894884d8cd2b:0x6819963310c9f16b,"Rosetta, Rasheed, Rosetta, Beheira Governorate, Egypt",17650,3009.9404,0:10:18
0x14a1bd1f067043f1:0x2736354576668ddd,"Athens, Greece",17535,3520.9069,0:12:07
0x155a5d406d7f0a2b:0x53aa8865855f0cc,"Ramadi, Al Anbar Governorate, Iraq",17413,2987.7694,0:10:30
0x145993b3aae48985:0xd3ce74c2bebae58,"Al Wasta, Madinet Al Wasta, El Wasta, Beni Suef Governorate, Egypt",17312,2963.7024,0:10:16
0x15b9060be2a84147:0xc294f09f5a959010,Yanbu Saudi Arabia,17150,3203.2037,0:11:23
0x128fa4474576ae2d:0x9bbc565dcef209f4,"Mahelma, Algeria",16535,2841.7325,0:10:19
0x182f1172d84d49a7:0xf7cf0254b297924c,"Nairobi, Kenya",16525,2841.993,0:10:26
0x47b8e00ff9d35775:0x427f28131548740,"Bochum, Germany",16407,3244.8295,0:11:53
0x47886d126418be25:0x8903f803d69c77bf,"Turin, Metropolitan City of Turin, Italy",16201,3021.6877,0:11:13
0xd604f4cf0efb06f:0xb4a351011f7f1d39,"Valencia, Spain",16145,2852.1807,0:10:40
0x12f9ecc5b9b322df:0xe70c4a8b1f527176,"Tebessa, Algeria",16140,2759.1047,0:10:17
0x872b12ed50a179cb:0x8c69c7f8354a1bac,"Phoenix, AZ, USA",15996,3019.4366,0:11:23
0x47b8bef5a58b273b:0x427f281315473c0,"Duisburg, Germany",15759,2996.608,0:11:27
0x88541fc4fc381a81:0x884650e6bf43d164,"Charlotte, NC, USA",15616,2954.2212,0:11:24
0x4cc91b69886574f9:0x1c63438a7316da2e,"Longueuil, QC, Canada",15173,2691.09,0:10:39
0x14459e4f59f8dacd:0xb8227e9e71fd7b15,"Abu Tig, Assiut Governorate, Egypt",15156,2604.1515,0:10:18
0x2a32966cdb47733d:0x304f0b535df55d0,"Perth WA, Australia",15133,2991.1222,0:11:55
0xd855f5061ac9881:0x97206fd4229749af,"Béchar, Algeria",15082,2586.6169,0:10:19
0x1264260535a026c3:0xc3b2db87d221aa04,"Ghardaia, Algeria",15001,2691.7755,0:10:47
0x88f5045d6993098d:0x66fede2f990b630b,"Atlanta, GA, USA",14888,2872.5598,0:11:38
0x479ea2c53a212b29:0x41e48add78be7a0,"Augsburg, Germany",14839,2882.0948,0:11:43
0x31da1767b42b8ec9:0x400f7acaedaa420,Singapore,14813,2841.7332,0:11:34
0x1458118639662819:0x100cd4b380703700,"Al Khankah, Madinet Al Khankah, Al Khankah, Al-Qalyubia Governorate, Egypt",14713,2801.1942,0:11:28
0x88e773d8fecdbc77:0xac3b2063ca5bf9e,"Orlando, FL, USA",14690,2742.7005,0:11:15
0x125cb808c9e7ca2b:0x46b562c717a4bb6d,"Hassi Messaoud, Algeria",14578,2579.6164,0:10:38
0x1521f6ab9db89d33:0x323c52527dde8578,"Tripoli, Lebanon",14530,2631.5269,0:11:01
0x8864ec3213eb903d:0x7d3fb9d0a1e9daa0,"Nashville, TN, USA",14411,2612.3987,0:10:54
0x882c986c27de778f:0x2b6aee56d8df0e21,"Hamilton, ON, Canada",14272,2499.084,0:10:33
0x8644b599a0cc032f:0x5d9b464bd469d57a,"Austin, TX, USA",14175,2708.9083,0:11:29
0x151ef03ff51e8597:0x181e41e3b9ff1086,"Sidon, Lebanon",13938,2563.9169,0:11:09
0x3e49e6db1c9b42e3:0x4df99b838777731,Dhahran Saudi Arabia,13829,2610.1085,0:11:28
0x47b8d63a5c61d467:0x42760fc4a2a7440,"Wuppertal, Germany",13632,2639.6871,0:11:39
0x12f05df8d8143d61:0xc096416ffaa6da99,"Guelma, Algeria",13503,2273.3642,0:10:07
0x12fd3706a8626633:0xf009d6f9d18128b8,"El Mourouj, Tunisia",13479,2622.1045,0:11:41
0x4709cf29101ad6a9:0x421b1cb4288feb0,"Dresden, Germany",13447,2640.7951,0:11:49
0x3e37bcd658641dc3:0x98d8ca1c20f551e,Al Mubarraz Saudi Arabia,13339,2571.3194,0:11:38
0x162300cfde391eb3:0xa12a9a3a7d2821ac,Djibouti,13334,1769.0684,0:08:16
0x1444e3f1970938f5:0xc124e21b5a05b4c5,"El Quseyya, Senbo, El Qusiya, Assiut Governorate, Egypt",13292,2331.7518,0:10:31
0x16053be363aba37b:0x7aea559347f1b8a2,"Al Hudaydah, Yemen",13199,1813.2066,0:08:43
0x111963cd18fcf74f:0xb8a3e92c76d2aa3b,"N'Djamena, Chad",13172,1866.7375,0:08:33
0xdac212049843597:0x6b618c47dfd85d40,"Safi, Morocco",13110,2289.0145,0:10:31
0x3e49b2652a36c9e3:0xc9467e390125c29c,"Hamad Town, Bahrain",13038,2479.1268,0:11:29
0x6b91579aac93d233:0x402a35af3deaf40,"Brisbane QLD, Australia",12993,2492.8136,0:11:33
0x3fe035e98ac95d47:0xe307908c024712a9,"Samawah, Al Muthanna Governorate, Iraq",12989,2217.2875,0:10:23
0x14f60816a211aa07:0xc16ab6a5b10b7a00,"Abu Al Matamir, Abu El Matamir, Beheira Governorate, Egypt",12944,2154.0269,0:10:03
0x144ed336e802b389:0x3c72a6a18d96dc78,"Dishna, Madinet Dishna, Dishna, Qena Governorate, Egypt",12914,2222.4266,0:10:26
0x3e8b44d363b81221:0xde9a3eefa60fc03f,"Sohar, Oman",12890,2248.8478,0:10:46
0x52b333909377bbbd:0x939fc9842f7aee07,"Minneapolis, MN, USA",12702,2421.2835,0:11:29
0x883b3506c9c0d86b:0x70fd341efca36c0,"Dearborn, MI, USA",12549,2035.6763,0:09:54
0x14bbd862a762cacd:0x628cbba1a59ce8fe,"İzmir, Türkiye",12521,2376.5287,0:11:27
0x47b128100ceee335:0xc2e8885cf937df51,"Bremen, Germany",12497,2398.8473,0:11:33
0x177dbc0f9d74b39b:0x4538903dd96b6fec,"Kampala, Uganda",12494,2289.4679,0:11:02
0x13c6fb0743ae42a5:0x8ce7c2164ba3340a,"Sabhā, Libya",12465,2313.0725,0:11:12
0x1502decffed40ac3:0x5fcf186a4abbd39a,Efrat,12412,2230.2103,0:10:50
0x47b227d14aa4a89f:0x4248963c65836b0,"Norderstedt, Germany",12340,2370.4194,0:11:32
0x4741c334d1d4cfc9:0x400c4290c1e1160,"Budapest, Hungary",12208,2499.5712,0:12:18
0x4cce1a7e0babee53:0x7cedf5701a140956,"Gatineau, QC, Canada",12147,2211.0522,0:10:56
0xd5527e8f751ca81:0x796386037b397a89,"Bordeaux, France",12060,2307.1742,0:11:30
0x13a89a3d52c298ad:0xe525b93e1ac505d5,"Tajoura, Libya",11963,2247.0574,0:11:17
0x47bee19f7ccbda49:0x86dbf8c6685c9617,"Bonn, Germany",11894,2349.9367,0:11:54
0x1527f4a4c0be6e9f:0x4dbef2b1f81e7d77,"Mersin, Akdeniz/Mersin, Türkiye",11703,2163.5045,0:11:11
0x47c5b26a5f0feaf3:0x719a8a6f5fff56f1,"Naaldwijk, Netherlands",11678,2275.6024,0:11:49
0x14f60efbc16281d7:0xd9983a4fbf6ac68,"Housh Eissa, Al Qarinein, Hosh Eissa, Beheira Governorate, Egypt",11636,1947.7895,0:10:03
0x128e68dcc89e5b23:0x84e914279405eb13,"Boumerdes, Algeria",11514,1850.1854,0:09:40
0x4805ee81f0a8aead:0x40d37521e0ded30,"Nantes, France",11440,2261.23,0:11:51
0x89b7c6de5af6e45b:0xc2524522d4885d2a,"Washington, DC, USA",11284,2209.8151,0:11:45
0x3fcff410bda463d7:0x4dde79d4a62f202b,"Al Jahra, Kuwait",11271,2296.6215,0:12:14
0x155151c0f702d92f:0x7aed1cf1b147f599,"Tikrit, Saladin Governorate, Iraq",11147,1757.085,0:09:36
0x311d6032280d61f3:0x10100b25de24820,"Bangkok, Thailand",11093,2113.5931,0:11:28
0x151dba4c750de845:0xc35d23982a81529a,"Haifa, Israel",11015,2128.3671,0:11:38
0x3e45cda5cc8b0eed:0x802c436fd9cef0ef,"Al Wukair, Qatar",10908,2241.5521,0:12:19
0x876b80aa231f17cf:0x118ef4f8278a36d6,"Denver, CO, USA",10896,2049.7418,0:11:20
0x477fd498e951c40b:0xa2e17c015ba49441,"Bologna, Metropolitan City of Bologna, Italy",10880,1967.7092,0:10:54
0x478c293ecd89a7e5:0xeb173fc9cae2ee5e,"Lausanne, Switzerland",10848,1998.1105,0:11:07
0x12cdd0106a852d31:0x40819a5fd979a70,"Nice, France",10778,1998.5333,0:11:08
0x47c0997cb08a191d:0x63a30eae0b0e444f,"Aachen, Germany",10605,2064.8707,0:11:41
0x89ac5a2f9f51e0f7:0x6790b6528a11f0ad,"Raleigh, NC, USA",10598,1932.5583,0:11:01
0x883b2ac1b54f886b:0xb66cd49527fcdc51,"Windsor, ON, Canada",10563,1771.6031,0:10:04
0x89c25370329a0e1d:0xe1bcdc2adcfee473,"Newark, NJ, USA",10500,1972.0697,0:11:21
0x14f7d262c2618685:0x49e83a15a0648446,"Tala, Madinet Tala, Tala, Menofia Governorate, Egypt",10456,1955.9714,0:11:14
0x40440cd7e64f626b:0x61d084ede2576ea3,"Tbilisi, Georgia",10334,2116.4768,0:12:18
0x3fd740cea9fbbce7:0xa123ca0fe0255ab6,Hafar Al Batin Saudi Arabia,10306,2050.8229,0:12:03
0xd19331a61e4f33b:0x400ebbde49036d0,"Lisbon, Portugal",10180,1961.1963,0:11:34
0x88d9b0a20ec8c111:0xff96f271ddad4f65,"Miami, FL, USA",10134,1904.4883,0:11:17
0xfc1ea5311959121:0x3fe70ddce19221a6,"Abidjan, Côte d'Ivoire",10008,1714.0973,0:10:18
0x14f7f52373e67c9d:0x453a60c07ffe674,"Hihya, Hehya, Hihya, Al-Sharqia Governorate, Egypt",9900,1737.0036,0:10:31
0x480ede2fa7d69085:0x40ca5cd36e4ab30,"Rennes, France",9892,1898.8254,0:11:33
0x128f071daa108153:0x5fa9fc9c5c3c8bb7,"Bouinan, Algeria",9826,1576.531,0:09:38
0x88c2b782b3b9d1e1:0xa75f1389af96b463,"Tampa, FL, USA",9718,1835.9,0:11:21
0x808fcae48af93ff5:0xb99d8c0aca9f717b,"San Jose, CA, USA",9599,1795.4686,0:11:15
0x47bdbdd9495c843b:0x611fd80c33366c1,"Wiesbaden, Germany",9593,1881.7575,0:11:46
0x1524828fcdd5b865:0x62d43f56ee62b5ef,"Hama, Syria",9569,1637.5415,0:10:22
0x155ed73bda297ac3:0x3a2e1b4552cb486d,"Kufa, Najaf Governorate, Iraq",9509,1567.9352,0:09:58
0x48793e4ada64bd99:0x51adbafd0213dca9,"Leeds, UK",9489,1888.5389,0:11:59
0x40088dc9f9b9c571:0xf62e38c72158c89b,"Duhok, Kurdistan Region, Iraq",9404,1518.2985,0:09:47
0x3f8e00491ff3dcd9:0xf0b3697c567024bc,"Tehran, Tehran Province, Iran",9391,1422.6451,0:09:24
0x3403fefda2ea2807:0x486db43574f494da,Hong Kong,9198,1789.4893,0:11:43
0x153719cb01b7b5fb:0xc8bdaf18cf35cfe3,"Ar Raqqah, Syria",9008,1494.9173,0:10:08
0x864e6e122dc807ad:0xa4af8bf8dd69acbd,"Fort Worth, TX, USA",9004,1699.8258,0:11:24
0x14586a62912082db:0x5ccf0d5b5c2a50,"Basus, Basous, El Qanater El Khayreya, Al-Qalyubia Governorate, Egypt",8985,1640.6,0:10:58
0x47970648a2e07809:0xb6fc55734cb7ee7f,"Karlsruhe, Germany",8980,1791.3499,0:11:59
0x80c8c45e5468d0ed:0xf98463eab8414b62,"Las Vegas, NV, USA",8969,1615.0369,0:10:50
0x3e91fb160d51264d:0x974f8116102cab2f,"Al Amarat, Oman",8955,1707.0834,0:11:33
0x882b5b8b8f729979:0x5037b28c7231bd0,"Oakville, ON, Canada",8938,1635.8947,0:11:00
0x152508664354cbdf:0xc44836a7b49c636f,"Idlib, Syria",8798,1419.0092,0:09:57
0x89b615f166fcc957:0x9da316eb11e3d5b,"Ashburn, VA, USA",8751,1682.4952,0:11:32
0x12e2cc8d599fd4b3:0xe19164404654f485,"Cebalat, Tunisia",8729,1675.2012,0:11:31
0x52ea73fbf91a2b11:0x2b2a1afac6b9ca64,"Winnipeg, MB, Canada",8685,1602.4162,0:11:04
0xd126c1114be6291:0x34f018621cfe5648,"Seville, Spain",8628,1505.5055,0:10:28
0x12b6af0725dd9db1:0xad8756742894e802,"Montpellier, France",8534,1587.5986,0:11:12
0x94ce448183a461d1:0x9ba94b08ff335bae,"São Paulo, State of São Paulo, Brazil",8527,1664.4346,0:11:43
0x1607e2973d13a0bb:0x35737d6f29786cf2,Jazan Saudi Arabia,8451,1561.6642,0:11:13
0x151c4e7cf16c0fff:0xd2385b30c1275dd6,"Nazareth, Israel",8447,1598.1565,0:11:26
0x137f70cfb0cf2015:0xbba756274225842d,"Al Bayda, Libya",8439,1676.3112,0:11:55
0x886b50ffa7796a03:0xd68e9df640b9ea7c,"Indianapolis, IN, USA",8377,1667.2232,0:11:59
0x1712804abcf3b5f9:0xd89839286346c433,"Juba, South Sudan",8372,1452.3935,0:10:24
0x488815562056ceeb:0x71e683b805ef511e,"Glasgow, UK",8356,1640.7823,0:11:50
0x6d0d47fb5a9ce6fb:0x500ef6143a29917,"Auckland, New Zealand",8335,1582.1286,0:11:24
0x464c4cb15397788b:0x8c4dd7d9912ea2af,"Aarhus, Denmark",8321,1663.0772,0:12:02
0x147e0336a4b1eb79:0xb21ad81feffb0333,"Tobruk, Libya",8296,1538.1515,0:11:10
0x14f78ff40163b761:0x15a3f3434f3cb43e,"El-Senbellawein, El-Senbellawein City, El Senbellawein, Dakahlia Governorate, Egypt",8269,1439.0855,0:10:29
0xda63ce8fa04c5cf:0xc1041e48089e20f,"Berrechid, Morocco",8254,1448.1921,0:10:31
0x14587983dbcc1fbd:0x4b3aee20a2067b8a,"El-Bagour, El-Bagour City, El-Bagour, Menofia Governorate, Egypt",8188,1477.5977,0:10:52
0x4887b800a5982623:0x64f2147b7ce71727,"Edinburgh, UK",8150,1561.3678,0:11:32
0x487adf8a647060b7:0x42dc046f3f176e01,"Liverpool, UK",8149,1586.7502,0:11:42
0x809ac672b28397f9:0x921f6aaa74197fdb,"Sacramento, CA, USA",8133,1574.7924,0:11:38
0x1461f9330b3a3ebb:0x69c946b5ce3eeaf2,"Marsa Matruh, Mersa Matruh, Marsa Matrouh Governorate, Egypt",8132,1474.7635,0:10:52
0x128c913befaefcf7:0x2bf41af2fb4d69b3,"Bordj Bou Arreridj, Algeria",8089,1343.2964,0:09:58
0x80dcd6f98055e867:0x1ab89ab9a2bb160,"Anaheim, CA, USA",8081,1509.3541,0:11:15
0x145810c330e05d5d:0x13ef89ed5e914b06,"El-Salam City, As Salam Al Gharbeyah, Al Salam First, Cairo Governorate, Egypt",8009,1491.1446,0:11:13
0x12fd496f233f4109:0x3bfd822b0ccc697b,"Ben Arous, Tunisia",8002,1519.7586,0:11:23
0x1282023e8ae39497:0x69337c93a849fab2,"Mostaganem, Algeria",7896,1260.7243,0:09:36
0x4795b152e302c0eb:0x422d4d510db6b80,"Saarbrücken, Germany",7874,1528.4411,0:11:40
0x54950b0b7da97427:0x1c36b9e6f6d18591,"Portland, OR, USA",7863,1519.7662,0:11:37
0x476e3587173065bb:0xfe8e8ad1d2dfdd9b,"Graz, Austria",7830,1579.2308,0:12:07
0x465f70fbb9c047f7:0x88eec5e5ad2b59fb,"Huddinge, Sweden",7808,1524.0004,0:11:42
0x15feeb07c88f9155:0xd1a779128894f485,Najran Saudi Arabia,7801,1475.5655,0:11:27
0x47b2560d8fee97ad:0x4248963c6580320,"Kiel, Germany",7692,1508.2788,0:11:46
0x3fc4bc27b4476be9:0x248258282b789531,"Az Zubayr, Basra Governorate, Iraq",7595,1306.8927,0:10:20
0x47e66eaae7346d61:0xc7efebbaf928e90d,"Saint-Denis, France",7555,1468.3077,0:11:39
0x88e5b716f1ceafeb:0xc4cd7d3896fcc7e2,"Jacksonville, FL, USA",7508,1388.8354,0:11:07
0xd7259c44fdb212d:0x6025dc92c9ca32cf,"Málaga, Spain",7464,1340.077,0:10:47
0x3fc48cf6863abac7:0xe30e47083aafaa7a,"Abu Al-Khaseeb, Basra Governorate, Iraq",7407,1264.6325,0:10:22
0x14f7d3e0e0786335:0xbd74df5fc88478e1,"Al Batanun, Al Batanoun WA Hessateha, Shibin el Kom, Menofia Governorate, Egypt",7383,1349.7315,0:10:59
0xec172f5b3c5bb71:0xb17c17d92d5db21f,"Dakar, Senegal",7375,1355.8631,0:11:04
0x12e31e4db2105f13:0xf44361a00609c69e,"Bizerte, Tunisia",7356,1393.7533,0:11:22
0x882b15eaa5d05abf:0x352d31667cc38677,"Brampton, ON, Canada",7330,1234.9287,0:10:06
0x3db69c2079243c29:0x9d49f86e19dfbb41,"Hadibu, Yemen",7185,152.9377,0:02:02
0x3de8e425d842c827:0x4c17c5473e84c6c3,"Al Mukalla, Yemen",7167,1005.9767,0:08:55
0x128f095b3eb32a03:0x25a6484b8b999c1,"Ouled Yaïch, Algeria",7119,1126.4158,0:09:32
0x12fa6335c5b58163:0x87115317fb476b8d,"Souk Ahras, Algeria",7104,1200.6269,0:10:09
0x48790aa9fae8be15:0x3e2827f5af06b078,"Sheffield, UK",7092,1374.9198,0:11:39
0x357ca28b61c565cd:0x858aedb4e4ea83eb,"Seoul, South Korea",7048,1452.6465,0:12:21
0x4b5a211407dbfac1:0x666be3a6438b2ddc,"Halifax, NS, Canada",7008,1274.1719,0:10:54
0x15026640029f8777:0x8dee8012deb5dd8,"Be'er Sheva, Israel",6955,1379.6544,0:11:54
0x5485dc034d3fa75b:0xd28b4898abd598e0,"Surrey, BC, Canada",6942,1220.5703,0:10:32
0x1502b43827ab66ff:0x17bcc54a571a7ab8,"Rishon LeZion, Israel",6904,1313.8398,0:11:30
0x47c66f4339d32d37:0xd6c8fc4c19af4ae9,"Utrecht, Netherlands",6868,1241.6302,0:10:51
0xd78c872578de5d1:0x57392e401cc5e7e8,"Mansourah, Algeria",6851,1105.1537,0:09:41
0x156c0dc455b08a5d:0x40cb4da0f4da43e3,Arar Saudi Arabia,6829,1375.3816,0:12:12
0x3e254f3ec6382fb7:0x97e26e6625397379,Al-Kharj Saudi Arabia,6822,1317.8914,0:11:39
0x479548cd9df32c57:0x400d1d6d1056d10,Luxembourg,6821,1364.1523,0:12:02
0x47c6d91b5579c39f:0xf39ad2648164b998,"Eindhoven, Netherlands",6802,1312.545,0:11:35
0x3de8de1fca908c75:0x1160745cccadbbc4,"Fuwwah, Yemen",6791,841.3644,0:08:13
0x47aff5d58a00663b:0x425ac6d94ac3ab0,"Braunschweig, Germany",6745,1331.222,0:11:50
0x47a8f5cd843ad6b7:0xc565f8980baaec9b,"Potsdam, Germany",6720,1334.2482,0:11:54
0x465f98cd789e64b9:0x400fef341e48c60,"Sollentuna, Sweden",6645,1055.4461,0:10:28
0x47bd70641173cdd9:0x422435029b0c5f0,"Darmstadt, Germany",6634,1322.7059,0:11:57
0x6ab735c7c526b33f:0x4033654628ec640,"Adelaide SA, Australia",6624,1308.9832,0:11:53
0x4696378cc74a65ed:0x6dc7673fab848eff,"St Petersburg, Russia",6560,1251.0268,0:11:30
0x882b6fa34a2371d5:0x60f4dd8775707432,"Milton, ON, Canada",6559,1203.7104,0:11:01
0x155a1d9bb903f7d3:0x9a9654127672ac58,"Al-Fallujah, Al Anbar Governorate, Iraq",6538,1104.0562,0:10:21
0xd4e4e27664b89b9:0x6534acc41e95a645,"Bilbao, Biscay, Spain",6518,1152.0317,0:10:38
0x12f3c3d00720560f:0xe850d6a98acceee8,"Chelghoum Laïd, Algeria",6509,1100.575,0:10:09
0x1581ec231eaa6f91:0x70ed2cd8e83d1c2,Unaizah Saudi Arabia,6487,1300.796,0:12:08
0xd788ccc3367338d:0xbabfbb93399f7d2,"Maghnia, Algeria",6460,1077.2058,0:10:00
0x127d14dce2ccfb19:0xa0c9712feee5b8ef,"Aflou, Algeria",6429,1126.1155,0:10:30
0xda62e48d1b55623:0xde48e8e519fbeb3d,"Bouskoura, Morocco",6314,1150.3346,0:10:55
0x12206f20039a4af5:0xd524cbdec5d293e4,"Tamanrasset, Algeria",6308,1120.1459,0:10:39
0x2e69f3e945e34b9d:0x5371bf0fdad786a2,"Jakarta, Indonesia",6292,1164.0966,0:11:15
0x47bd912e33df1379:0x422d4d510db1ba0,"Mainz, Germany",6281,1254.7529,0:12:00
0x128179e1049e48a9:0x4ae51cea91762b26,"Relizane, Algeria",6280,1015.6691,0:09:42
0x12f896fa5476901f:0x873608732b8975d5,"Gafsa, Tunisia",6274,1239.4803,0:11:51
0x128f6ac2a7224223:0x150a7a4487ede93e,"Médéa, Algeria",6271,957.7845,0:09:25
0x12f7212d8a10a387:0x7931a68a9fc770ce,"Khenchela, Algeria",6253,1058.3871,0:10:09
0x15230e9047c7c0fb:0xac367e06303788d0,"Homs‎, Syria",6252,1039.2222,0:10:09
0x151d3673a30753b9:0xcde0651f23c1443c,"Petah Tikva, Israel",6240,1193.8194,0:11:33
0xda7b65541dc9c3d:0x89fe602f8927da05,"Mohammedia, Morocco",6238,1033.7277,0:10:02
0x14d08568d615f745:0x240dd0fc08060967,"Konya, Türkiye",6210,1065.7508,0:10:21
0x125ea2aa542f762b:0x767d26e6b4af02e9,"Touggourt, Algeria",6131,1103.9994,0:10:50
0x882bf48c03ee5105:0x9525f8e6df5f544b,"Kitchener, ON, Canada",6131,1054.2362,0:10:20
0xc2248393aa06243:0x2572dbf2ee5f0172,Dakhla,6121,1094.9482,0:10:47
0x151d00ddfbe216bb:0x1dbafbd553a9f1db,"Umm al-Fahm, Israel",6102,1183.1934,0:11:41
0x151f353ad3fa0839:0x64fab81a412d95ee,"Zahlé, Lebanon",6066,1107.1879,0:11:05
0x3fe0b463897a86bb:0x670d4659dc3f3f1c,"Shatrah, Dhi Qar Governorate, Iraq",6046,977.6727,0:09:43
0x47c0f74b8eacfcfb:0x40099ab2f4d6b40,"Liège, Belgium",5936,1136.4559,0:11:33
0x151b66a6a2ac7d37:0x8bae34dbcc6ff1ed,"Russeifa, Jordan",5926,1138.1898,0:11:34
0x89c250d225bfafdd:0x249f013a2cd25d9,"Jersey City, NJ, USA",5891,1107.1253,0:11:16
0x865c58af04d00eaf:0x856e13b10a016bc,"San Antonio, TX, USA",5875,1109.2248,0:11:20
0x478af48bd689be6f:0x618c10cd6e995398,"Grenoble, France",5821,1137.7995,0:11:43
0x128fae424209ef8b:0x57c97554ea24abb3,"Draria, Algeria",5818,1013.1419,0:10:26
0x151e7d902f915d95:0xcf0e3fc6fb997408,"Tyre, Lebanon",5816,1094.2874,0:11:24
0x47f5abff0dcfe415:0x631b2db87635756,"Saint-Étienne, France",5764,1064.5203,0:11:07
0x14de1767ca494d55:0x5b5ea49c0311c0a5,"Nicosia, Cyprus",5736,1105.3105,0:11:34
0x47bb3f4e9f7a6c1d:0x2f84633d58221747,"Kassel, Germany",5730,1112.5941,0:11:39
0x152b0e1d3fa4a74f:0x84bd8c4d5a4c2da7,"Kayseri, Türkiye",5708,1064.2991,0:11:17
0x12f4c1b97b30561b:0x9ee8565548ac26a6,"Barika, Algeria",5701,1006.0331,0:10:35
0x14f7a0a25b77a2a3:0x9063279976957fee,"Bashbish, El Mahalla El Kubra, Gharbia Governorate, Egypt",5670,1036.3703,0:10:59
0x12fd4a1c0a2ae629:0x42ec0cb224e3220d,"Rades, Tunisia",5641,1096.242,0:11:39
0x47c370e1339443ad:0x40099ab2f4d5140,"Ghent, Belgium",5629,1127.9651,0:12:01
0x145849f76c69de37:0xcfa9c24e507a0e0e,"Mit-Rahineh, Badrshein, Giza Governorate, Egypt",5602,1031.5292,0:11:02
0x8830ef2ee3686b2d:0xed04cb55f7621842,"Cleveland, OH, USA",5578,1051.7271,0:11:21
0x13a8956db30346cd:0x666621d3ee279dd8,"Khela Ben Oun, Libya",5542,1144.7025,0:12:23
0x3ef4562899269769:0xba0627e5f8ea86e5,Fujairah - United Arab Emirates,5531,1114.5276,0:12:05
0x15007039ff2efa81:0x595faa556d2e6acc,"Aqaba, Jordan",5489,1031.7182,0:11:20
0x46522d7a50a22925:0x4019078290e7a90,"Helsingborg, Sweden",5446,1099.2606,0:12:06
0x47c5ef6c60e1e9fb:0x8ae15680b8a17e39,"Haarlem, Netherlands",5433,1030.0511,0:11:33
0x151cbd5c659cb8a7:0x31d4c6ecaa51cc1e,"As-Salt, Jordan",5423,1035.4277,0:11:31
0x3d96918aac9aa7f3:0x6e8f68a7e697e656,"Bosaso, Somalia",5387,736.5825,0:08:16
0x465fcbfb8532ab8d:0xaa4fe90a85820807,"Uppsala, Sweden",5381,1100.0772,0:12:19
0x486e02d434ec53f5:0x143406db6586670e,"Cardiff, UK",5352,1015.1322,0:11:23
0x127e8ed0cb89c807:0xac1564b44064a5f,"El Bayadh, Algeria",5345,951.4291,0:10:40
0x12f0083c89f46443:0xd2d8b6a35d1ce8cc,"El Bouni, Algeria",5268,872.1331,0:09:58
0x47c225f096ca39c9:0x40099ab2f4d6410,"Charleroi, Belgium",5241,952.2086,0:10:54
0x128faf5a48d309d7:0x170ab3c7db26e5,"Douéra, Algeria",5197,891.4734,0:10:18
0x47b8ac984c406469:0x5445cd8ac7bfc850,"M. Gladbach, Germany",5192,1024.1197,0:11:51
0x88690b1ab35bd511:0xd4d3b4282071fd32,"Louisville, KY, USA",5192,1041.9616,0:12:02
0x47ba3d11e19b19f3:0x4c3fb5726cc7c7ce,"Bielefeld, Germany",5168,1004.6176,0:11:39
0x3fcf9fc240331c4f:0xba7dd1cc51dd9efe,"Sabah Al Salem, Kuwait",5076,1059.5652,0:12:31
0x487d857e0c6f64cd:0xbe252b072a76191,"Newcastle upon Tyne, UK",5051,998.1699,0:11:51
0x168e8fde9837cabf:0x191f55de7e67db40,"Khartoum, Sudan",5045,626.4921,0:07:33
0x47b8e5e1ede157ef:0x427f28131547e10,"Gelsenkirchen, Germany",5018,987.6235,0:11:50
0x47b20953f70b9df3:0xf4725f573e7e12b4,"Lübeck, Germany",5014,1019.7471,0:12:12
0x1459ca95b8e8c0b1:0xe3e0a70e4c69e270,"Ashubah Ash Sharqi, Ash Shorafa WA Al Ateyat, El-Saf, Giza Governorate, Egypt",4989,899.9129,0:10:50
0x14f77188e526bd47:0xba484e3913c5eff8,"Belqas, Belkas City, Belqas, Dakahlia Governorate, Egypt",4968,927.6448,0:11:12
0x13a696cca1461c79:0x946e760906ae91ad,"Zliten, Libya",4927,1004.7193,0:12:16
0x151e94a5d7a1ac15:0x23629441e0514c4c,"Nabatieh, Lebanon",4917,920.0631,0:11:20
0x12f0c9090a9450cb:0x1d4504754f3a5aa0,"Aïn Beïda, Algeria",4913,818.8095,0:09:59
0x479612b9168c0e31:0xa686b1e52337cb89,"Kaiserslautern, Germany",4846,993.0027,0:12:17
0x103b8b2ae68280c1:0xdc9e87a367c3d9cb,"Lagos, Nigeria",4842,872.7209,0:10:50
0x478c650693d0e2eb:0xa0b695357b0bbc39,"Geneva, Switzerland",4797,898.446,0:11:14
0x8824dc7b86d2b1e7:0xf51c31f0b93b22e7,"Sterling Heights, MI, USA",4747,712.036,0:09:04
0x3e45e0b30357c095:0xda6dba95fabf1cc2,"Umm Salal Muhammed, Qatar",4709,974.8942,0:12:25
Showing top 500 results
